Date,ivol
03/01/2005,12.9604
04/01/2005,13.0911
05/01/2005,13.2074
06/01/2005,12.6558
07/01/2005,12.5318
10/01/2005,12.2373
11/01/2005,12.3609
12/01/2005,11.7229
13/01/2005,11.9981
14/01/2005,11.7462
18/01/2005,11.4984
19/01/2005,12.1787
20/01/2005,12.6421
21/01/2005,12.9836
24/01/2005,13.2257
25/01/2005,12.8264
26/01/2005,12.2515
27/01/2005,11.8884
28/01/2005,11.8649
31/01/2005,11.3216
01/02/2005,10.9155
02/02/2005,10.5079
03/02/2005,10.6457
04/02/2005,9.9813
07/02/2005,10.3603
08/02/2005,10.254
09/02/2005,10.4916
10/02/2005,10.1535
11/02/2005,9.9558
14/02/2005,10.2019
15/02/2005,9.8957
16/02/2005,9.8906
17/02/2005,10.3151
18/02/2005,10.0611
22/02/2005,11.4486
23/02/2005,11.0831
24/02/2005,10.4256
25/02/2005,10.1134
28/02/2005,10.8308
01/03/2005,10.8031
02/03/2005,11.3085
03/03/2005,11.3882
04/03/2005,10.841
07/03/2005,10.9551
08/03/2005,11.0179
09/03/2005,11.3648
10/03/2005,11.1984
11/03/2005,11.6131
14/03/2005,11.4976
15/03/2005,11.8931
16/03/2005,12.4696
17/03/2005,12.3604
18/03/2005,12.2286
21/03/2005,12.3873
22/03/2005,12.8875
23/03/2005,12.7492
24/03/2005,12.3527
28/03/2005,12.5558
29/03/2005,13.0048
30/03/2005,12.1559
31/03/2005,12.4246
01/04/2005,12.7803
04/04/2005,12.7841
05/04/2005,12.3758
06/04/2005,11.5401
07/04/2005,11.1187
08/04/2005,11.3691
11/04/2005,11.6382
12/04/2005,11.2596
13/04/2005,12.2576
14/04/2005,13.2419
15/04/2005,14.9706
18/04/2005,14.6924
19/04/2005,13.4954
20/04/2005,14.8521
21/04/2005,12.9815
22/04/2005,13.6337
25/04/2005,13.1361
26/04/2005,13.3847
27/04/2005,13.2836
28/04/2005,14.775
29/04/2005,13.8835
02/05/2005,13.5615
03/05/2005,13.386
04/05/2005,12.4932
05/05/2005,12.3817
06/05/2005,12.6178
09/05/2005,12.1295
10/05/2005,13.1534
11/05/2005,12.5583
12/05/2005,14.1048
13/05/2005,14.4327
16/05/2005,13.6788
17/05/2005,12.9761
18/05/2005,11.9601
19/05/2005,11.5087
20/05/2005,11.4866
23/05/2005,11.2195
24/05/2005,11.3139
25/05/2005,11.3369
26/05/2005,10.9042
27/05/2005,10.9783
31/05/2005,11.8632
01/06/2005,11.2019
02/06/2005,10.8518
03/06/2005,11.2684
06/06/2005,11.2929
07/06/2005,11.3826
08/06/2005,11.336
09/06/2005,10.9971
10/06/2005,11.125
13/06/2005,10.915
14/06/2005,10.9421
15/06/2005,10.7519
16/06/2005,10.3957
17/06/2005,10.3634
20/06/2005,10.519
21/06/2005,10.1823
22/06/2005,10.1865
23/06/2005,11.0287
24/06/2005,11.3518
27/06/2005,11.4489
28/06/2005,10.8335
29/06/2005,10.9154
30/06/2005,11.2343
01/07/2005,10.7114
05/07/2005,10.7542
06/07/2005,10.8921
07/07/2005,10.9371
08/07/2005,10.1014
11/07/2005,10.3606
12/07/2005,10.4512
13/07/2005,10.3367
14/07/2005,10.1183
15/07/2005,9.8949
18/07/2005,10.4098
19/07/2005,10.0313
20/07/2005,9.9279
21/07/2005,10.4934
22/07/2005,10.1732
25/07/2005,10.4464
26/07/2005,10.3843
27/07/2005,10.0218
28/07/2005,10.0257
29/07/2005,10.8625
01/08/2005,11.2199
02/08/2005,10.7834
03/08/2005,10.8912
04/08/2005,11.4002
05/08/2005,11.6073
08/08/2005,12.0518
09/08/2005,11.4136
10/08/2005,11.2365
11/08/2005,11.1687
12/08/2005,11.5008
15/08/2005,11.3305
16/08/2005,12.0014
17/08/2005,12.0306
18/08/2005,12.007
19/08/2005,11.8058
22/08/2005,11.6605
23/08/2005,11.7654
24/08/2005,12.1703
25/08/2005,11.9395
26/08/2005,12.188
29/08/2005,11.9172
30/08/2005,12.186
31/08/2005,11.4897
01/09/2005,11.825
02/09/2005,12.2435
06/09/2005,11.6906
07/09/2005,10.9233
08/09/2005,11.3386
09/09/2005,10.6626
12/09/2005,11.0075
13/09/2005,11.5844
14/09/2005,11.8848
15/09/2005,11.7863
16/09/2005,10.9098
19/09/2005,11.6166
20/09/2005,12.0801
21/09/2005,12.9227
22/09/2005,12.6984
23/09/2005,12.3577
26/09/2005,12.359
27/09/2005,12.2755
28/09/2005,12.0168
29/09/2005,11.6618
30/09/2005,11.5197
03/10/2005,11.711
04/10/2005,12.4469
05/10/2005,13.4848
06/10/2005,13.7771
07/10/2005,13.4788
10/10/2005,14.0646
11/10/2005,14.1129
12/10/2005,14.2729
13/10/2005,14.352
14/10/2005,13.3302
17/10/2005,13.2667
18/10/2005,13.8191
19/10/2005,12.9061
20/10/2005,14.2552
21/10/2005,14.209
24/10/2005,13.1589
25/10/2005,13.0149
26/10/2005,13.1992
27/10/2005,14.228
28/10/2005,13.0129
31/10/2005,12.8413
01/11/2005,12.9186
02/11/2005,12.2824
03/11/2005,11.858
04/11/2005,11.9182
07/11/2005,11.8338
08/11/2005,11.7657
09/11/2005,11.2805
10/11/2005,10.6376
11/11/2005,10.4545
14/11/2005,10.6901
15/11/2005,10.8921
16/11/2005,10.7939
17/11/2005,10.0755
18/11/2005,10.0451
21/11/2005,9.8853
22/11/2005,9.7492
23/11/2005,10.037
25/11/2005,10.1692
28/11/2005,10.7945
29/11/2005,10.8943
30/11/2005,10.8575
01/12/2005,10.3625
02/12/2005,10.025
05/12/2005,10.4906
06/12/2005,10.5203
07/12/2005,11.2068
08/12/2005,11.289
09/12/2005,10.9581
12/12/2005,11.1659
13/12/2005,10.897
14/12/2005,10.891
15/12/2005,10.8126
16/12/2005,10.7897
19/12/2005,11.1323
20/12/2005,11.042
21/12/2005,10.8616
22/12/2005,10.4493
23/12/2005,10.4333
27/12/2005,11.3968
28/12/2005,11.2617
29/12/2005,11.3109
30/12/2005,11.5508
03/01/2006,10.9043
04/01/2006,10.9828
05/01/2006,11.0115
06/01/2006,10.6239
09/01/2006,10.6635
10/01/2006,10.579
11/01/2006,10.6279
12/01/2006,10.9141
13/01/2006,10.8927
17/01/2006,11.4637
18/01/2006,11.6102
19/01/2006,11.2534
20/01/2006,12.6588
23/01/2006,12.4882
24/01/2006,11.8595
25/01/2006,11.8358
26/01/2006,11.3458
27/01/2006,11.0293
30/01/2006,11.2279
31/01/2006,11.4451
01/02/2006,11.2883
02/02/2006,11.8406
03/02/2006,11.7196
06/02/2006,11.8406
07/02/2006,12.3669
08/02/2006,11.7652
09/02/2006,11.8701
10/02/2006,11.6544
13/02/2006,12.0432
14/02/2006,11.3099
15/02/2006,11.1036
16/02/2006,10.3938
17/02/2006,10.5602
21/02/2006,10.862
22/02/2006,10.2502
23/02/2006,10.51
24/02/2006,10.4927
27/02/2006,10.3855
28/02/2006,11.2157
01/03/2006,10.5701
02/03/2006,10.7896
03/03/2006,10.7688
06/03/2006,11.5018
07/03/2006,11.6342
08/03/2006,11.4759
09/03/2006,11.5804
10/03/2006,11.0864
13/03/2006,10.9719
14/03/2006,10.4456
15/03/2006,10.3354
16/03/2006,10.4283
17/03/2006,10.5038
20/03/2006,10.7042
21/03/2006,10.7376
22/03/2006,10.3545
23/03/2006,10.4495
24/03/2006,10.3169
27/03/2006,10.5522
28/03/2006,10.6885
29/03/2006,10.1451
30/03/2006,10.5783
31/03/2006,10.7528
03/04/2006,10.6286
04/04/2006,10.3044
05/04/2006,10.2744
06/04/2006,10.4228
07/04/2006,11.1251
10/04/2006,11.1549
11/04/2006,11.8029
12/04/2006,11.6392
13/04/2006,11.4302
17/04/2006,11.7613
18/04/2006,10.6604
19/04/2006,10.4184
20/04/2006,10.3766
21/04/2006,10.4808
24/04/2006,10.4976
25/04/2006,10.5718
26/04/2006,10.4475
27/04/2006,10.4748
28/04/2006,10.3637
01/05/2006,10.889
02/05/2006,10.6516
03/05/2006,10.7043
04/05/2006,10.5823
05/05/2006,10.1948
08/05/2006,10.5832
09/05/2006,10.5356
10/05/2006,10.4694
11/05/2006,11.0541
12/05/2006,12.0626
15/05/2006,11.6719
16/05/2006,11.5997
17/05/2006,13.4278
18/05/2006,13.9292
19/05/2006,13.681
22/05/2006,14.1713
23/05/2006,14.39
24/05/2006,14.3851
25/05/2006,13.0232
26/05/2006,12.3803
30/05/2006,15.2967
31/05/2006,14.0762
01/06/2006,12.741
02/06/2006,12.5446
05/06/2006,14.5443
06/06/2006,15.1404
07/06/2006,15.6523
08/06/2006,15.8013
09/06/2006,15.7673
12/06/2006,17.3789
13/06/2006,18.92
14/06/2006,17.6492
15/06/2006,13.5399
16/06/2006,14.4468
19/06/2006,15.3343
20/06/2006,14.8761
21/06/2006,13.5031
22/06/2006,14.0226
23/06/2006,14.0365
26/06/2006,13.7365
27/06/2006,14.5835
28/06/2006,14.3237
29/06/2006,11.8499
30/06/2006,12.4995
03/07/2006,12.1267
05/07/2006,13.099
06/07/2006,12.9082
07/07/2006,13.3936
10/07/2006,13.4404
11/07/2006,12.7617
12/07/2006,13.9099
13/07/2006,15.8532
14/07/2006,16.021
17/07/2006,16.2218
18/07/2006,15.5411
19/07/2006,13.6055
20/07/2006,14.3759
21/07/2006,15.0585
24/07/2006,13.3863
25/07/2006,13.0271
26/07/2006,13.1125
27/07/2006,13.6886
28/07/2006,13.1526
31/07/2006,13.5906
01/08/2006,13.7477
02/08/2006,13.2615
03/08/2006,13.4123
04/08/2006,13.3227
07/08/2006,13.9163
08/08/2006,14.0312
09/08/2006,14.2591
10/08/2006,13.5811
11/08/2006,13.6214
14/08/2006,13.6738
15/08/2006,12.752
16/08/2006,12.1231
17/08/2006,11.6306
18/08/2006,11.1587
21/08/2006,11.5613
22/08/2006,11.512
23/08/2006,11.7537
24/08/2006,11.6161
25/08/2006,11.5796
28/08/2006,11.4072
29/08/2006,11.2912
30/08/2006,11.2736
31/08/2006,11.4559
01/09/2006,11.1488
05/09/2006,11.5173
06/09/2006,12.4941
07/09/2006,12.7674
08/09/2006,12.1117
11/09/2006,12.2349
12/09/2006,11.4575
13/09/2006,11.1838
14/09/2006,11.4311
15/09/2006,11.2255
18/09/2006,11.4167
19/09/2006,11.7495
20/09/2006,11.1803
21/09/2006,11.8491
22/09/2006,12.0993
25/09/2006,11.5955
26/09/2006,11.0332
27/09/2006,11.2812
28/09/2006,11.2907
29/09/2006,11.5821
02/10/2006,11.8962
03/10/2006,11.8321
04/10/2006,11.39
05/10/2006,11.5186
06/10/2006,11.2052
09/10/2006,11.348
10/10/2006,11.1968
11/10/2006,11.4014
12/10/2006,10.8501
13/10/2006,10.5531
16/10/2006,10.769
17/10/2006,11.2672
18/10/2006,11.1215
19/10/2006,10.8508
20/10/2006,10.4758
23/10/2006,10.5223
24/10/2006,10.333
25/10/2006,10.1885
26/10/2006,9.8511
27/10/2006,10.3581
30/10/2006,10.4218
31/10/2006,10.3336
01/11/2006,10.7891
02/11/2006,10.7583
03/11/2006,10.636
06/11/2006,10.2808
07/11/2006,10.3616
08/11/2006,10.064
09/11/2006,10.311
10/11/2006,10.1583
13/11/2006,10.1878
14/11/2006,9.9769
15/11/2006,9.6827
16/11/2006,9.6355
17/11/2006,9.4547
20/11/2006,9.5393
21/11/2006,9.7132
22/11/2006,9.9498
24/11/2006,10.5206
27/11/2006,11.655
28/11/2006,11.023
29/11/2006,10.2506
30/11/2006,10.3719
01/12/2006,10.8247
04/12/2006,10.4845
05/12/2006,10.4841
06/12/2006,10.7578
07/12/2006,11.6576
08/12/2006,11.3692
11/12/2006,11.3149
12/12/2006,11.1652
13/12/2006,10.8709
14/12/2006,10.3098
15/12/2006,10.6164
18/12/2006,10.7859
19/12/2006,10.6397
20/12/2006,10.614
21/12/2006,10.8429
22/12/2006,11.2004
26/12/2006,11.1199
27/12/2006,10.647
28/12/2006,10.9151
29/12/2006,11.3485
03/01/2007,11.5175
04/01/2007,11.2138
05/01/2007,11.6067
08/01/2007,11.6327
09/01/2007,11.611
10/01/2007,11.2684
11/01/2007,10.7509
12/01/2007,10.3874
16/01/2007,10.5646
17/01/2007,10.4536
18/01/2007,10.4386
19/01/2007,10.0598
22/01/2007,10.3767
23/01/2007,9.9381
24/01/2007,9.495
25/01/2007,10.4422
26/01/2007,10.4319
29/01/2007,10.6615
30/01/2007,10.2367
31/01/2007,9.8424
01/02/2007,9.7483
02/02/2007,9.6079
05/02/2007,9.9483
06/02/2007,9.8506
07/02/2007,9.7427
08/02/2007,9.9169
09/02/2007,10.3774
12/02/2007,10.7722
13/02/2007,9.8244
14/02/2007,9.6774
15/02/2007,9.662
16/02/2007,9.5596
20/02/2007,9.6145
21/02/2007,9.6404
22/02/2007,9.7312
23/02/2007,10.0703
26/02/2007,10.4881
27/02/2007,15.4407
28/02/2007,13.6076
01/03/2007,13.4939
02/03/2007,15.362
05/03/2007,16.1855
06/03/2007,13.8366
07/03/2007,13.4473
08/03/2007,12.9716
09/03/2007,12.7749
12/03/2007,12.3968
13/03/2007,15.3571
14/03/2007,14.7089
15/03/2007,14.074
16/03/2007,14.7539
19/03/2007,13.5409
20/03/2007,12.5779
21/03/2007,10.9954
22/03/2007,11.5972
23/03/2007,11.7869
26/03/2007,11.8251
27/03/2007,12.448
28/03/2007,13.6477
29/03/2007,13.5697
30/03/2007,13.4097
02/04/2007,13.2089
03/04/2007,12.4899
04/04/2007,12.4368
05/04/2007,12.1087
09/04/2007,12.2255
10/04/2007,11.7875
11/04/2007,12.405
12/04/2007,11.8041
13/04/2007,11.4703
16/04/2007,11.3013
17/04/2007,11.2297
18/04/2007,11.4745
19/04/2007,11.6833
20/04/2007,11.1236
23/04/2007,11.7612
24/04/2007,11.7752
25/04/2007,11.6679
26/04/2007,11.6602
27/04/2007,11.454
30/04/2007,12.5882
01/05/2007,12.1195
02/05/2007,11.798
03/05/2007,11.7885
04/05/2007,12.0143
07/05/2007,11.9578
08/05/2007,12.0709
09/05/2007,11.7378
10/05/2007,12.677
11/05/2007,12.1665
14/05/2007,12.8163
15/05/2007,12.9157
16/05/2007,12.361
17/05/2007,12.3782
18/05/2007,11.7789
21/05/2007,12.0368
22/05/2007,11.8939
23/05/2007,12.0628
24/05/2007,12.8446
25/05/2007,12.3219
29/05/2007,12.4842
30/05/2007,11.9632
31/05/2007,11.9953
01/06/2007,11.9528
04/06/2007,12.3142
05/06/2007,12.801
06/06/2007,13.6524
07/06/2007,15.1483
08/06/2007,13.6201
11/06/2007,13.7484
12/06/2007,14.7115
13/06/2007,13.6404
14/06/2007,13.0443
15/06/2007,13.1709
18/06/2007,13.0153
19/06/2007,12.6333
20/06/2007,14.0906
21/06/2007,13.8434
22/06/2007,15.0838
25/06/2007,15.5913
26/06/2007,16.6222
27/06/2007,14.6749
28/06/2007,14.6239
29/06/2007,15.4033
02/07/2007,14.5849
03/07/2007,14.2611
05/07/2007,14.3722
06/07/2007,14.0059
09/07/2007,14.2456
10/07/2007,15.8762
11/07/2007,15.3088
12/07/2007,14.4672
13/07/2007,14.4626
16/07/2007,14.8854
17/07/2007,14.9461
18/07/2007,15.264
19/07/2007,14.667
20/07/2007,16.0454
23/07/2007,15.6092
24/07/2007,17.1808
25/07/2007,16.5807
26/07/2007,17.9559
27/07/2007,20.6615
30/07/2007,18.7487
31/07/2007,20.7526
01/08/2007,20.8434
02/08/2007,19.4329
03/08/2007,22.5488
06/08/2007,19.964
07/08/2007,19.4458
08/08/2007,19.0774
09/08/2007,23.058
10/08/2007,23.9063
13/08/2007,22.4406
14/08/2007,23.8775
15/08/2007,25.9849
16/08/2007,26.3273
17/08/2007,24.728
20/08/2007,23.6957
21/08/2007,23.0119
22/08/2007,20.8027
23/08/2007,20.3156
24/08/2007,19.0766
27/08/2007,20.4384
28/08/2007,23.6203
29/08/2007,21.4111
30/08/2007,22.1542
31/08/2007,21.1932
04/09/2007,20.3344
05/09/2007,22.1951
06/09/2007,21.8564
07/09/2007,24.1142
10/09/2007,24.7711
11/09/2007,22.7537
12/09/2007,22.6579
13/09/2007,22.2104
14/09/2007,22.2336
17/09/2007,23.2132
18/09/2007,19.0499
19/09/2007,18.4072
20/09/2007,18.7807
21/09/2007,17.7369
24/09/2007,17.8615
25/09/2007,17.472
26/09/2007,16.7196
27/09/2007,16.22
28/09/2007,16.9952
01/10/2007,16.7133
02/10/2007,16.9767
03/10/2007,17.4757
04/10/2007,17.1604
05/10/2007,16.1908
08/10/2007,16.5368
09/10/2007,15.7285
10/10/2007,16.3027
11/10/2007,17.7801
12/10/2007,17.1712
15/10/2007,18.3671
16/10/2007,19.0588
17/10/2007,18.308
18/10/2007,17.9753
19/10/2007,20.9375
22/10/2007,20.3092
23/10/2007,19.0986
24/10/2007,19.6247
25/10/2007,19.8803
26/10/2007,18.5264
29/10/2007,18.4895
30/10/2007,19.3588
31/10/2007,17.4092
01/11/2007,21.237
02/11/2007,21.357
05/11/2007,22.0174
06/11/2007,19.9342
07/11/2007,23.6849
08/11/2007,23.5994
09/11/2007,25.334
12/11/2007,25.8224
13/11/2007,21.8757
14/11/2007,23.1256
15/11/2007,24.8939
16/11/2007,23.3346
19/11/2007,24.3659
20/11/2007,23.5965
21/11/2007,24.9884
23/11/2007,23.6695
26/11/2007,26.7692
27/11/2007,24.5579
28/11/2007,22.3596
29/11/2007,22.4643
30/11/2007,22.0361
03/12/2007,22.4702
04/12/2007,22.7138
05/12/2007,21.411
06/12/2007,19.9251
07/12/2007,20.1332
10/12/2007,19.9498
11/12/2007,22.4464
12/12/2007,21.6451
13/12/2007,21.8988
14/12/2007,22.4987
17/12/2007,24.1058
18/12/2007,22.9192
19/12/2007,22.0124
20/12/2007,20.9809
21/12/2007,18.8521
24/12/2007,18.6012
26/12/2007,18.5599
27/12/2007,20.0204
28/12/2007,20.4491
31/12/2007,21.6679
02/01/2008,22.5533
03/01/2008,21.8695
04/01/2008,23.4557
07/01/2008,22.7181
08/01/2008,24.453
09/01/2008,23.0393
10/01/2008,22.2547
11/01/2008,22.9838
14/01/2008,21.9774
15/01/2008,23.0472
16/01/2008,23.1899
17/01/2008,26.1162
18/01/2008,25.2052
22/01/2008,26.6835
23/01/2008,25.4373
24/01/2008,24.6846
25/01/2008,26.1102
28/01/2008,24.7504
29/01/2008,24.3006
30/01/2008,24.6458
31/01/2008,23.6585
01/02/2008,22.3142
04/02/2008,23.7606
05/02/2008,26.1821
06/02/2008,26.9404
07/02/2008,25.8637
08/02/2008,26.0035
11/02/2008,25.3265
12/02/2008,24.6661
13/02/2008,23.399
14/02/2008,23.9684
15/02/2008,23.8716
19/02/2008,23.8573
20/02/2008,22.7111
21/02/2008,23.4833
22/02/2008,22.6091
25/02/2008,21.9206
26/02/2008,20.909
27/02/2008,21.7792
28/02/2008,22.2634
29/02/2008,25.0046
03/03/2008,24.4483
04/03/2008,24.0212
05/03/2008,23.2985
06/03/2008,25.5129
07/03/2008,25.5912
10/03/2008,27.2381
11/03/2008,24.3892
12/03/2008,25.3156
13/03/2008,25.2365
14/03/2008,27.7947
17/03/2008,28.2937
18/03/2008,23.9047
19/03/2008,26.8324
20/03/2008,24.6539
24/03/2008,24.0254
25/03/2008,23.887
26/03/2008,24.3891
27/03/2008,24.4926
28/03/2008,24.5168
31/03/2008,23.9376
01/04/2008,21.6981
02/04/2008,22.637
03/04/2008,22.5011
04/04/2008,21.8556
07/04/2008,21.5092
08/04/2008,21.5964
09/04/2008,22.153
10/04/2008,21.4566
11/04/2008,22.5957
14/04/2008,22.8271
15/04/2008,22.0455
16/04/2008,20.2522
17/04/2008,19.8973
18/04/2008,19.0863
21/04/2008,19.509
22/04/2008,20.0071
23/04/2008,19.5882
24/04/2008,19.0856
25/04/2008,18.5569
28/04/2008,18.5245
29/04/2008,18.9545
30/04/2008,19.4572
01/05/2008,17.8578
02/05/2008,17.4691
05/05/2008,17.9228
06/05/2008,17.4987
07/05/2008,18.851
08/05/2008,18.4673
09/05/2008,18.6629
12/05/2008,17.9668
13/05/2008,17.8931
14/05/2008,17.421
15/05/2008,16.6005
16/05/2008,16.635
19/05/2008,17.0065
20/05/2008,18.0242
21/05/2008,19.2515
22/05/2008,18.5525
23/05/2008,19.4434
27/05/2008,19.3965
28/05/2008,18.7708
29/05/2008,17.8583
30/05/2008,17.6417
02/06/2008,18.9855
03/06/2008,19.4719
04/06/2008,19.7989
05/06/2008,18.2134
06/06/2008,21.7868
09/06/2008,21.5039
10/06/2008,21.3882
11/06/2008,22.3775
12/06/2008,21.7098
13/06/2008,20.171
16/06/2008,19.9838
17/06/2008,20.19
18/06/2008,21.2306
19/06/2008,20.3027
20/06/2008,21.5495
23/06/2008,21.2563
24/06/2008,21.2494
25/06/2008,20.3197
26/06/2008,22.8412
27/06/2008,22.4909
30/06/2008,22.4455
01/07/2008,22.1867
02/07/2008,23.9837
03/07/2008,23.1959
07/07/2008,23.7318
08/07/2008,21.4982
09/07/2008,23.5434
10/07/2008,23.5117
11/07/2008,24.9846
14/07/2008,25.5158
15/07/2008,25.6522
16/07/2008,23.0272
17/07/2008,22.4862
18/07/2008,22.1616
21/07/2008,21.6033
22/07/2008,19.9187
23/07/2008,20.2016
24/07/2008,22.0258
25/07/2008,21.4877
28/07/2008,22.8161
29/07/2008,20.7422
30/07/2008,19.9699
31/07/2008,21.5283
01/08/2008,21.644
04/08/2008,22.2236
05/08/2008,20.0222
06/08/2008,19.5553
07/08/2008,20.4851
08/08/2008,19.9752
11/08/2008,20.0391
12/08/2008,20.8581
13/08/2008,21.1539
14/08/2008,20.0541
15/08/2008,19.7072
18/08/2008,20.8596
19/08/2008,21.1652
20/08/2008,20.3994
21/08/2008,19.9277
22/08/2008,19.3182
25/08/2008,20.797
26/08/2008,20.5575
27/08/2008,19.9514
28/08/2008,19.2905
29/08/2008,20.4874
02/09/2008,21.1966
03/09/2008,20.9906
04/09/2008,22.8513
05/09/2008,22.1391
08/09/2008,21.6245
09/09/2008,23.9708
10/09/2008,23.307
11/09/2008,23.8004
12/09/2008,23.9498
15/09/2008,27.0276
16/09/2008,26.7995
17/09/2008,29.3686
18/09/2008,28.5861
19/09/2008,26.8605
22/09/2008,28.6673
23/09/2008,29.5379
24/09/2008,30.3492
25/09/2008,28.7227
26/09/2008,29.9598
29/09/2008,38.7803
30/09/2008,33.2448
01/10/2008,34.1426
02/10/2008,38.1037
03/10/2008,37.2169
06/10/2008,42.6542
07/10/2008,43.1036
08/10/2008,45.5865
09/10/2008,50.6274
10/10/2008,57.7074
13/10/2008,45.1759
14/10/2008,44.7491
15/10/2008,52.6824
16/10/2008,51.5531
17/10/2008,53.585
20/10/2008,43.3684
21/10/2008,44.218
22/10/2008,53.2041
23/10/2008,52.7677
24/10/2008,60.1995
27/10/2008,61.2953
28/10/2008,51.732
29/10/2008,55.0461
30/10/2008,51.0671
31/10/2008,49.3095
03/11/2008,46.1543
04/11/2008,40.0687
05/11/2008,44.8613
06/11/2008,52.0174
07/11/2008,47.4791
10/11/2008,48.9488
11/11/2008,50.7121
12/11/2008,55.2563
13/11/2008,49.1651
14/11/2008,55.2115
17/11/2008,58.5575
18/11/2008,57.6212
19/11/2008,63.3177
20/11/2008,68.1718
21/11/2008,62.034
24/11/2008,54.7349
25/11/2008,54.2082
26/11/2008,49.1716
28/11/2008,49.2345
01/12/2008,56.5709
02/12/2008,55.7055
03/12/2008,54.6988
04/12/2008,57.0187
05/12/2008,53.6008
08/12/2008,50.746
09/12/2008,52.461
10/12/2008,50.9003
11/12/2008,50.284
12/12/2008,49.9285
15/12/2008,51.9028
16/12/2008,47.0322
17/12/2008,46.1944
18/12/2008,44.478
19/12/2008,40.8995
22/12/2008,41.1483
23/12/2008,40.8542
24/12/2008,40.9865
26/12/2008,39.9574
29/12/2008,40.3964
30/12/2008,38.2114
31/12/2008,36.2909
02/01/2009,34.3551
05/01/2009,34.9752
06/01/2009,34.3036
07/01/2009,38.3177
08/01/2009,38.0233
09/01/2009,38.657
12/01/2009,41.9081
13/01/2009,40.8251
14/01/2009,44.2271
15/01/2009,43.9397
16/01/2009,41.9966
20/01/2009,49.1451
21/01/2009,43.6871
22/01/2009,43.4006
23/01/2009,42.36
26/01/2009,40.3451
27/01/2009,38.1783
28/01/2009,35.9947
29/01/2009,37.49
30/01/2009,39.6587
02/02/2009,39.0118
03/02/2009,36.5064
04/02/2009,37.1039
05/02/2009,36.7904
06/02/2009,36.6766
09/02/2009,36.6895
10/02/2009,40.1779
11/02/2009,38.2599
12/02/2009,38.4752
13/02/2009,36.2923
17/02/2009,40.1186
18/02/2009,40.4682
19/02/2009,40.0218
20/02/2009,41.2902
23/02/2009,44.7064
24/02/2009,39.3951
25/02/2009,38.7776
26/02/2009,40.2372
27/02/2009,40.2028
02/03/2009,45.2823
03/03/2009,43.2104
04/03/2009,38.9555
05/03/2009,43.2259
06/03/2009,44.4828
09/03/2009,43.0792
10/03/2009,38.8573
11/03/2009,38.7805
12/03/2009,37.224
13/03/2009,37.9703
16/03/2009,38.4761
17/03/2009,37.1061
18/03/2009,36.4945
19/03/2009,39.0698
20/03/2009,41.3272
23/03/2009,37.4582
24/03/2009,38.3252
25/03/2009,38.951
26/03/2009,36.7593
27/03/2009,37.8599
30/03/2009,41.3206
31/03/2009,39.4689
01/04/2009,39.3875
02/04/2009,38.6913
03/04/2009,37.956
06/04/2009,38.4626
07/04/2009,38.5756
08/04/2009,37.2625
09/04/2009,35.9381
13/04/2009,35.7378
14/04/2009,35.776
15/04/2009,35.5385
16/04/2009,33.5749
17/04/2009,32.3707
20/04/2009,35.9384
21/04/2009,34.1665
22/04/2009,33.9047
23/04/2009,34.5704
24/04/2009,33.7559
27/04/2009,34.9815
28/04/2009,34.2477
29/04/2009,32.8915
30/04/2009,33.0536
01/05/2009,32.749
04/05/2009,31.2844
05/05/2009,31.0626
06/05/2009,30.0561
07/05/2009,31.2023
08/05/2009,29.0055
11/05/2009,29.8567
12/05/2009,29.0818
13/05/2009,30.5686
14/05/2009,28.8253
15/05/2009,29.5936
18/05/2009,27.5187
19/05/2009,26.2036
20/05/2009,26.5853
21/05/2009,28.897
22/05/2009,28.3608
26/05/2009,27.1985
27/05/2009,27.9614
28/05/2009,27.8575
29/05/2009,26.9243
01/06/2009,25.9234
02/06/2009,26.099
03/06/2009,28.2326
04/06/2009,27.189
05/06/2009,27.068
08/06/2009,26.9597
09/06/2009,25.9625
10/06/2009,26.6168
11/06/2009,25.2888
12/06/2009,25.0423
15/06/2009,27.0778
16/06/2009,27.8135
17/06/2009,27.8344
18/06/2009,26.7005
19/06/2009,25.5058
22/06/2009,27.7514
23/06/2009,27.5633
24/06/2009,26.732
25/06/2009,24.7841
26/06/2009,24.1406
29/06/2009,23.1325
30/06/2009,24.0475
01/07/2009,23.8792
02/07/2009,25.6319
06/07/2009,26.6074
07/07/2009,27.1646
08/07/2009,28.8553
09/07/2009,27.2914
10/07/2009,27.329
13/07/2009,25.6492
14/07/2009,25.0699
15/07/2009,24.3267
16/07/2009,23.7222
17/07/2009,23.7454
20/07/2009,23.33
21/07/2009,23.381
22/07/2009,22.9316
23/07/2009,22.424
24/07/2009,22.2545
27/07/2009,22.837
28/07/2009,23.5486
29/07/2009,24.1171
30/07/2009,23.2578
31/07/2009,23.4316
03/08/2009,23.5427
04/08/2009,23.1668
05/08/2009,22.7818
06/08/2009,23.6754
07/08/2009,22.6424
10/08/2009,23.2529
11/08/2009,23.8214
12/08/2009,23.1967
13/08/2009,23.1901
14/08/2009,23.4232
17/08/2009,25.3577
18/08/2009,24.3976
19/08/2009,24.1062
20/08/2009,22.975
21/08/2009,22.7043
24/08/2009,23.3017
25/08/2009,23.3233
26/08/2009,23.5047
27/08/2009,23.4124
28/08/2009,23.5383
31/08/2009,24.3669
01/09/2009,26.2981
02/09/2009,26.5187
03/09/2009,24.9949
04/09/2009,23.6592
08/09/2009,23.5027
09/09/2009,22.5565
10/09/2009,21.7527
11/09/2009,22.2008
14/09/2009,21.9475
15/09/2009,21.7
16/09/2009,21.5753
17/09/2009,21.7808
18/09/2009,22.0859
21/09/2009,22.3544
22/09/2009,21.6077
23/09/2009,22.006
24/09/2009,22.9427
25/09/2009,22.7715
28/09/2009,22.2452
29/09/2009,22.2118
30/09/2009,22.8968
01/10/2009,24.4405
02/10/2009,25.0134
05/10/2009,23.6906
06/10/2009,22.6713
07/10/2009,22.3959
08/10/2009,22.1502
09/10/2009,21.2622
12/10/2009,21.447
13/10/2009,21.2221
14/10/2009,20.8468
15/10/2009,20.2327
16/10/2009,20.0965
19/10/2009,19.8414
20/10/2009,20.0246
21/10/2009,19.8358
22/10/2009,19.4743
23/10/2009,20.5836
26/10/2009,21.9094
27/10/2009,21.6731
28/10/2009,23.405
29/10/2009,21.9407
30/10/2009,25.4935
02/11/2009,25.3015
03/11/2009,24.8688
04/11/2009,23.9503
05/11/2009,22.803
06/11/2009,21.9493
09/11/2009,20.7128
10/11/2009,20.7917
11/11/2009,20.8713
12/11/2009,22.1306
13/11/2009,21.5967
16/11/2009,21.2703
17/11/2009,20.9678
18/11/2009,20.6977
19/11/2009,20.9766
20/11/2009,20.1769
23/11/2009,19.2718
24/11/2009,18.9772
25/11/2009,18.9646
27/11/2009,21.4587
30/11/2009,21.5733
01/12/2009,20.1317
02/12/2009,19.9517
03/12/2009,20.2392
04/12/2009,20.2869
07/12/2009,20.6436
08/12/2009,21.3556
09/12/2009,21.0382
10/12/2009,20.6518
11/12/2009,20.1373
14/12/2009,19.8281
15/12/2009,20.1037
16/12/2009,19.5559
17/12/2009,20.1904
18/12/2009,20.1214
21/12/2009,18.873
22/12/2009,18.1055
23/12/2009,18.0325
24/12/2009,17.8456
28/12/2009,18.1839
29/12/2009,17.9931
30/12/2009,18.3521
31/12/2009,18.7773
04/01/2010,18.3525
05/01/2010,17.9484
06/01/2010,17.5003
07/01/2010,17.2519
08/01/2010,17.016
11/01/2010,17.1946
12/01/2010,18.0426
13/01/2010,16.868
14/01/2010,16.6517
15/01/2010,17.2933
19/01/2010,16.5155
20/01/2010,17.2581
21/01/2010,19.0226
22/01/2010,22.2729
25/01/2010,20.7434
26/01/2010,20.7785
27/01/2010,20.6969
28/01/2010,20.5606
29/01/2010,22.0926
01/02/2010,20.1942
02/02/2010,19.009
03/02/2010,19.4853
04/02/2010,22.6243
05/02/2010,22.8988
08/02/2010,22.8544
09/02/2010,22.1479
10/02/2010,22.2345
11/02/2010,21.4452
12/02/2010,21.6724
16/02/2010,20.1951
17/02/2010,19.651
18/02/2010,18.7246
19/02/2010,18.0555
22/02/2010,17.5154
23/02/2010,18.8972
24/02/2010,18.3262
25/02/2010,18.281
26/02/2010,17.5542
01/03/2010,17.5427
02/03/2010,17.3102
03/03/2010,17.1396
04/03/2010,17.1875
05/03/2010,16.1985
08/03/2010,16.32
09/03/2010,16.6646
10/03/2010,16.7755
11/03/2010,17.2127
12/03/2010,17.0208
15/03/2010,17.1639
16/03/2010,16.6066
17/03/2010,16.1736
18/03/2010,15.835
19/03/2010,16.248
22/03/2010,15.9295
23/03/2010,15.4258
24/03/2010,16.1613
25/03/2010,16.1354
26/03/2010,16.5297
29/03/2010,16.0214
30/03/2010,15.722
31/03/2010,15.9323
01/04/2010,16.0822
05/04/2010,15.4269
06/04/2010,14.8552
07/04/2010,15.3812
08/04/2010,14.813
09/04/2010,14.6617
12/04/2010,14.8813
13/04/2010,14.7796
14/04/2010,14.6443
15/04/2010,14.77
16/04/2010,15.927
19/04/2010,15.4732
20/04/2010,14.5279
21/04/2010,15.1356
22/04/2010,14.765
23/04/2010,14.8751
26/04/2010,15.5607
27/04/2010,17.7193
28/04/2010,17.6347
29/04/2010,16.1259
30/04/2010,18.103
03/05/2010,17.3969
04/05/2010,20.3327
05/05/2010,21.4693
06/05/2010,28.1073
07/05/2010,30.9173
10/05/2010,23.8689
11/05/2010,23.3664
12/05/2010,21.4556
13/05/2010,22.266
14/05/2010,26.3825
17/05/2010,25.6233
18/05/2010,27.3079
19/05/2010,27.9538
20/05/2010,32.5365
21/05/2010,34.2282
24/05/2010,29.9129
25/05/2010,29.6036
26/05/2010,28.6751
27/05/2010,25.1738
28/05/2010,25.2767
01/06/2010,27.7733
02/06/2010,25.2567
03/06/2010,24.7172
04/06/2010,29.0794
07/06/2010,30.0508
08/06/2010,28.6607
09/06/2010,28.2176
10/06/2010,25.8479
11/06/2010,25.5295
14/06/2010,24.6806
15/06/2010,22.6578
16/06/2010,23.0629
17/06/2010,22.8982
18/06/2010,20.9363
21/06/2010,22.0402
22/06/2010,23.0029
23/06/2010,23.7319
24/06/2010,25.6225
25/06/2010,24.6415
28/06/2010,24.6642
29/06/2010,29.5684
30/06/2010,28.9979
01/07/2010,29.2322
02/07/2010,27.4878
06/07/2010,27.5534
07/07/2010,24.4491
08/07/2010,23.7363
09/07/2010,23.0338
12/07/2010,23.4161
13/07/2010,22.4859
14/07/2010,23.4043
15/07/2010,23.6651
16/07/2010,25.5047
19/07/2010,24.0531
20/07/2010,22.568
21/07/2010,24.0388
22/07/2010,22.2359
23/07/2010,21.6496
26/07/2010,21.044
27/07/2010,20.8441
28/07/2010,21.6052
29/07/2010,21.2384
30/07/2010,21.3342
02/08/2010,19.5019
03/08/2010,20.0426
04/08/2010,20.0424
05/08/2010,20.3555
06/08/2010,20.6124
09/08/2010,20.223
10/08/2010,20.65
11/08/2010,23.3939
12/08/2010,23.7656
13/08/2010,24.3873
16/08/2010,24.7016
17/08/2010,22.9331
18/08/2010,22.7036
19/08/2010,24.1561
20/08/2010,24.138
23/08/2010,23.5795
24/08/2010,24.7116
25/08/2010,25.01
26/08/2010,25.355
27/08/2010,23.3606
30/08/2010,24.6996
31/08/2010,25.0456
01/09/2010,22.9018
02/09/2010,21.968
03/09/2010,20.4554
07/09/2010,21.9638
08/09/2010,21.6584
09/09/2010,21.1693
10/09/2010,20.5981
13/09/2010,20.084
14/09/2010,19.7777
15/09/2010,20.4254
16/09/2010,20.1602
17/09/2010,19.9551
20/09/2010,19.4277
21/09/2010,20.0104
22/09/2010,20.3612
23/09/2010,21.3304
24/09/2010,19.7515
27/09/2010,20.0267
28/09/2010,20.7833
29/09/2010,21.1061
30/09/2010,21.2789
01/10/2010,20.7597
04/10/2010,21.734
05/10/2010,20.0589
06/10/2010,20.3763
07/10/2010,20.4882
08/10/2010,19.5988
11/10/2010,19.7421
12/10/2010,19.1527
13/10/2010,18.9533
14/10/2010,19.9497
15/10/2010,19.3782
18/10/2010,18.4957
19/10/2010,20.1239
20/10/2010,18.5548
21/10/2010,18.4338
22/10/2010,17.8841
25/10/2010,17.8372
26/10/2010,18.5821
27/10/2010,19.1606
28/10/2010,19.0041
29/10/2010,18.9705
01/11/2010,19.8177
02/11/2010,19.1683
03/11/2010,17.7621
04/11/2010,16.6973
05/11/2010,16.6843
08/11/2010,16.5379
09/11/2010,16.9093
10/11/2010,16.6632
11/11/2010,16.6937
12/11/2010,17.9388
15/11/2010,17.7119
16/11/2010,19.734
17/11/2010,19.1801
18/11/2010,16.8972
19/11/2010,16.7153
22/11/2010,16.8948
23/11/2010,17.9651
24/11/2010,16.9248
26/11/2010,18.74
29/11/2010,18.8674
30/11/2010,20.0573
01/12/2010,18.9524
02/12/2010,17.4602
03/12/2010,16.2782
06/12/2010,16.2111
07/12/2010,16.2838
08/12/2010,16.0051
09/12/2010,15.7301
10/12/2010,15.5415
13/12/2010,15.9634
14/12/2010,16.2158
15/12/2010,16.4994
16/12/2010,16.3813
17/12/2010,15.5098
20/12/2010,15.2341
21/12/2010,15.2262
22/12/2010,14.9496
23/12/2010,15.7324
27/12/2010,16.4269
28/12/2010,16.4778
29/12/2010,16.0611
30/12/2010,16.3896
31/12/2010,16.5517
03/01/2011,16.0547
04/01/2011,16.0837
05/01/2011,15.4974
06/01/2011,15.9331
07/01/2011,15.8217
10/01/2011,15.9988
11/01/2011,15.5077
12/01/2011,15.2136
13/01/2011,15.2768
14/01/2011,14.2131
18/01/2011,14.3667
19/01/2011,15.5993
20/01/2011,15.6317
21/01/2011,15.5997
24/01/2011,15.0305
25/01/2011,15.1571
26/01/2011,14.2169
27/01/2011,13.9986
28/01/2011,16.3171
31/01/2011,16.052
01/02/2011,14.9001
02/02/2011,14.7957
03/02/2011,14.5474
04/02/2011,14.1039
07/02/2011,14.1045
08/02/2011,13.7814
09/02/2011,14.0493
10/02/2011,13.9796
11/02/2011,13.4788
14/02/2011,13.7604
15/02/2011,14.2498
16/02/2011,14.1884
17/02/2011,14.3171
18/02/2011,14.4483
22/02/2011,17.6364
23/02/2011,18.0345
24/02/2011,17.749
25/02/2011,16.3856
28/02/2011,15.9784
01/03/2011,17.3738
02/03/2011,17.695
03/03/2011,16.2887
04/03/2011,17.4893
07/03/2011,18.087
08/03/2011,17.3532
09/03/2011,17.7751
10/03/2011,19.3479
11/03/2011,18.1225
14/03/2011,19.0494
15/03/2011,20.0154
16/03/2011,23.0741
17/03/2011,21.4271
18/03/2011,20.2768
21/03/2011,18.1478
22/03/2011,17.7773
23/03/2011,16.8514
24/03/2011,16.1433
25/03/2011,16.3024
28/03/2011,16.4173
29/03/2011,16.2606
30/03/2011,15.753
31/03/2011,15.5859
01/04/2011,15.6379
04/04/2011,15.5028
05/04/2011,15.1479
06/04/2011,15.0796
07/04/2011,15.5661
08/04/2011,16.0559
11/04/2011,15.989
12/04/2011,16.3123
13/04/2011,15.6914
14/04/2011,15.19
15/04/2011,14.7997
18/04/2011,15.4529
19/04/2011,14.4521
20/04/2011,13.9803
21/04/2011,13.7052
25/04/2011,14.0888
26/04/2011,13.8582
27/04/2011,13.829
28/04/2011,13.1909
29/04/2011,13.5797
02/05/2011,14.2835
03/05/2011,15.0496
04/05/2011,15.1862
05/05/2011,16.5428
06/05/2011,15.8735
09/05/2011,15.1918
10/05/2011,14.1471
11/05/2011,15.0943
12/05/2011,14.5669
13/05/2011,15.0367
16/05/2011,15.6759
17/05/2011,15.7094
18/05/2011,14.5636
19/05/2011,14.1114
20/05/2011,14.5848
23/05/2011,15.5491
24/05/2011,15.3306
25/05/2011,14.9054
26/05/2011,14.433
27/05/2011,14.4867
31/05/2011,14.2629
01/06/2011,15.6371
02/06/2011,15.7639
03/06/2011,16.0324
06/06/2011,16.6004
07/06/2011,16.0814
08/06/2011,16.7399
09/06/2011,15.7495
10/06/2011,16.4571
13/06/2011,17.1242
14/06/2011,16.1483
15/06/2011,18.3351
16/06/2011,19.3122
17/06/2011,18.8353
20/06/2011,17.8137
21/06/2011,16.392
22/06/2011,16.4133
23/06/2011,17.4603
24/06/2011,18.2645
27/06/2011,17.3706
28/06/2011,16.7361
29/06/2011,15.2221
30/06/2011,14.6337
01/07/2011,13.9885
05/07/2011,14.4181
06/07/2011,14.8929
07/07/2011,14.3562
08/07/2011,14.969
11/07/2011,16.7608
12/07/2011,17.1009
13/07/2011,17.368
14/07/2011,18.0996
15/07/2011,17.4039
18/07/2011,18.1808
19/07/2011,16.6637
20/07/2011,16.5885
21/07/2011,15.6772
22/07/2011,15.5053
25/07/2011,16.7885
26/07/2011,17.1009
27/07/2011,19.0192
28/07/2011,19.5104
29/07/2011,20.1161
01/08/2011,19.2857
02/08/2011,20.3987
03/08/2011,20.245
04/08/2011,24.7357
05/08/2011,27.8537
08/08/2011,32.7335
09/08/2011,30.8621
10/08/2011,32.0596
11/08/2011,29.5805
12/08/2011,29.2908
15/08/2011,25.9167
16/08/2011,26.0541
17/08/2011,25.6417
18/08/2011,32.7595
19/08/2011,33.5936
22/08/2011,32.7766
23/08/2011,29.4576
24/08/2011,28.4369
25/08/2011,30.7099
26/08/2011,29.4935
29/08/2011,26.2575
30/08/2011,26.3591
31/08/2011,27.0341
01/09/2011,26.8382
02/09/2011,28.785
06/09/2011,30.0901
07/09/2011,27.7922
08/09/2011,28.66
09/09/2011,33.4712
12/09/2011,33.6573
13/09/2011,31.7553
14/09/2011,29.4149
15/09/2011,28.6267
16/09/2011,27.8298
19/09/2011,28.4603
20/09/2011,28.2228
21/09/2011,29.411
22/09/2011,35.8535
23/09/2011,34.27
26/09/2011,33.378
27/09/2011,31.3386
28/09/2011,33.2479
29/09/2011,34.6228
30/09/2011,35.648
03/10/2011,38.4792
04/10/2011,38.0498
05/10/2011,33.5486
06/10/2011,32.9445
07/10/2011,31.5188
10/10/2011,30.3444
11/10/2011,29.0254
12/10/2011,26.4952
13/10/2011,26.7033
14/10/2011,24.7036
17/10/2011,26.9474
18/10/2011,25.8944
19/10/2011,28.7986
20/10/2011,28.7072
21/10/2011,26.8892
24/10/2011,24.9448
25/10/2011,26.0361
26/10/2011,25.2501
27/10/2011,21.5831
28/10/2011,21.5109
31/10/2011,24.2295
01/11/2011,27.884
02/11/2011,26.7388
03/11/2011,24.938
04/11/2011,25.6847
07/11/2011,25.1649
08/11/2011,23.6589
09/11/2011,28.8535
10/11/2011,27.4028
11/11/2011,25.4333
14/11/2011,26.6605
15/11/2011,25.5992
16/11/2011,27.2535
17/11/2011,29.5234
18/11/2011,28.3304
21/11/2011,29.1122
22/11/2011,28.7487
23/11/2011,29.9646
25/11/2011,30.6643
28/11/2011,29.116
29/11/2011,27.7958
30/11/2011,25.0987
01/12/2011,24.3149
02/12/2011,24.4987
05/12/2011,25.1486
06/12/2011,24.9055
07/12/2011,26.1162
08/12/2011,27.3386
09/12/2011,24.6517
12/12/2011,25.9058
13/12/2011,25.2762
14/12/2011,25.5015
15/12/2011,24.4162
16/12/2011,24.2372
19/12/2011,24.4988
20/12/2011,22.2896
21/12/2011,21.5162
22/12/2011,21.0868
23/12/2011,20.8223
27/12/2011,20.9531
28/12/2011,22.3826
29/12/2011,21.6472
30/12/2011,21.9388
03/01/2012,21.2123
04/01/2012,20.5284
05/01/2012,19.9308
06/01/2012,19.3678
09/01/2012,19.4177
10/01/2012,18.9769
11/01/2012,19.1391
12/01/2012,19.0953
13/01/2012,19.8561
17/01/2012,19.8522
18/01/2012,18.6696
19/01/2012,18.1618
20/01/2012,17.2868
23/01/2012,16.9924
24/01/2012,17.0464
25/01/2012,16.2301
26/01/2012,17.1427
27/01/2012,16.4677
30/01/2012,17.2425
31/01/2012,17.2976
01/02/2012,16.5929
02/02/2012,16.2802
03/02/2012,15.4847
06/02/2012,15.8992
07/02/2012,15.6027
08/02/2012,15.9388
09/02/2012,16.255
10/02/2012,18.7119
13/02/2012,16.8452
14/02/2012,18.3401
15/02/2012,18.5834
16/02/2012,16.9112
17/02/2012,16.322
21/02/2012,16.6463
22/02/2012,16.2755
23/02/2012,15.1539
24/02/2012,15.3121
27/02/2012,15.4542
28/02/2012,15.7383
29/02/2012,15.7253
01/03/2012,15.3776
02/03/2012,15.2449
05/03/2012,15.7346
06/03/2012,17.7788
07/03/2012,16.834
08/03/2012,15.6996
09/03/2012,15.3881
12/03/2012,15.0377
13/03/2012,14.4861
14/03/2012,15.4362
15/03/2012,15.0922
16/03/2012,14.4054
19/03/2012,14.2206
20/03/2012,14.4641
21/03/2012,13.8799
22/03/2012,15.0533
23/03/2012,13.8056
26/03/2012,13.1282
27/03/2012,13.7522
28/03/2012,14.6729
29/03/2012,14.2644
30/03/2012,14.0468
02/04/2012,13.9072
03/04/2012,14.6408
04/04/2012,15.0548
05/04/2012,15.3946
09/04/2012,16.3513
10/04/2012,18.6545
11/04/2012,18.1679
12/04/2012,16.7153
13/04/2012,17.2874
16/04/2012,17.8881
17/04/2012,16.4181
18/04/2012,16.5501
19/04/2012,17.0745
20/04/2012,16.3
23/04/2012,17.1256
24/04/2012,16.752
25/04/2012,15.3381
26/04/2012,14.5588
27/04/2012,14.459
30/04/2012,15.2846
01/05/2012,14.5293
02/05/2012,15.0135
03/05/2012,15.4855
04/05/2012,16.6776
07/05/2012,16.625
08/05/2012,16.7788
09/05/2012,17.7332
10/05/2012,16.9605
11/05/2012,17.3925
14/05/2012,18.8008
15/05/2012,19.7551
16/05/2012,19.9925
17/05/2012,20.817
18/05/2012,21.9716
21/05/2012,19.9916
22/05/2012,19.8534
23/05/2012,20.2354
24/05/2012,19.9801
25/05/2012,20.0022
29/05/2012,18.9737
30/05/2012,20.3962
31/05/2012,20.2876
01/06/2012,23.3105
04/06/2012,23.2601
05/06/2012,22.1636
06/06/2012,20.6509
07/06/2012,19.1094
08/06/2012,19.1711
11/06/2012,20.5162
12/06/2012,20.558
13/06/2012,22.1107
14/06/2012,20.9583
15/06/2012,18.876
18/06/2012,17.4314
19/06/2012,16.7105
20/06/2012,16.8786
21/06/2012,18.6241
22/06/2012,17.2667
25/06/2012,18.5288
26/06/2012,18.1439
27/06/2012,18.2788
28/06/2012,18.8467
29/06/2012,16.4417
02/07/2012,15.6951
03/07/2012,15.2931
05/07/2012,15.9585
06/07/2012,16.1873
09/07/2012,16.4906
10/07/2012,17.1887
11/07/2012,17.0906
12/07/2012,16.9486
13/07/2012,15.8092
16/07/2012,15.9789
17/07/2012,15.3864
18/07/2012,14.9474
19/07/2012,14.8773
20/07/2012,15.3985
23/07/2012,16.6842
24/07/2012,18.3026
25/07/2012,17.5039
26/07/2012,16.105
27/07/2012,15.087
30/07/2012,15.9677
31/07/2012,16.4072
01/08/2012,16.2398
02/08/2012,16.3595
03/08/2012,14.9691
06/08/2012,14.7313
07/08/2012,14.8466
08/08/2012,14.6814
09/08/2012,14.3256
10/08/2012,14.1818
13/08/2012,14.1649
14/08/2012,14.6492
15/08/2012,14.7631
16/08/2012,14.5181
17/08/2012,13.9518
20/08/2012,14.2379
21/08/2012,14.6682
22/08/2012,14.6937
23/08/2012,15.4946
24/08/2012,14.8467
27/08/2012,15.2372
28/08/2012,15.5022
29/08/2012,15.7341
30/08/2012,16.4343
31/08/2012,16.3342
04/09/2012,16.3114
05/09/2012,15.9981
06/09/2012,14.7484
07/09/2012,13.6366
10/09/2012,14.2111
11/09/2012,14.5565
12/09/2012,14.3739
13/09/2012,13.0211
14/09/2012,13.5538
17/09/2012,13.9318
18/09/2012,13.38
19/09/2012,12.9127
20/09/2012,13.015
21/09/2012,12.5696
24/09/2012,12.6429
25/09/2012,13.4602
26/09/2012,14.4589
27/09/2012,13.2095
28/09/2012,13.7351
01/10/2012,14.1614
02/10/2012,14.1963
03/10/2012,13.72
04/10/2012,13.3346
05/10/2012,13.3374
08/10/2012,13.6648
09/10/2012,14.4747
10/10/2012,14.6315
11/10/2012,14.2095
12/10/2012,14.371
15/10/2012,14.0186
16/10/2012,13.7322
17/10/2012,13.4584
18/10/2012,13.5251
19/10/2012,14.4511
22/10/2012,14.9597
23/10/2012,15.7146
24/10/2012,15.9642
25/10/2012,15.7451
26/10/2012,15.0853
31/10/2012,15.553
01/11/2012,14.4785
02/11/2012,14.9019
05/11/2012,15.5391
06/11/2012,14.9781
07/11/2012,16.1403
08/11/2012,16.3191
09/11/2012,16.5025
12/11/2012,15.9818
13/11/2012,15.592
14/11/2012,16.5878
15/11/2012,17.0192
16/11/2012,15.8055
19/11/2012,14.2628
20/11/2012,14.1094
21/11/2012,14.1596
23/11/2012,13.6487
26/11/2012,14.0464
27/11/2012,14.2033
28/11/2012,14.1681
29/11/2012,13.827
30/11/2012,14.4142
03/12/2012,14.8828
04/12/2012,15.4193
05/12/2012,14.9934
06/12/2012,15.3474
07/12/2012,14.7682
10/12/2012,14.856
11/12/2012,14.6156
12/12/2012,14.5962
13/12/2012,15.2774
14/12/2012,15.493
17/12/2012,15.1577
18/12/2012,14.2644
19/12/2012,15.0166
20/12/2012,15.2045
21/12/2012,15.6894
24/12/2012,15.923
26/12/2012,16.5412
27/12/2012,16.9555
28/12/2012,17.7681
31/12/2012,16.2264
02/01/2013,13.7863
03/01/2013,13.8152
04/01/2013,13.2711
07/01/2013,13.5415
08/01/2013,13.4564
09/01/2013,13.7236
10/01/2013,13.2902
11/01/2013,13.1704
14/01/2013,13.4289
15/01/2013,13.2764
16/01/2013,13.1778
17/01/2013,13.0085
18/01/2013,12.1864
22/01/2013,11.6693
23/01/2013,11.3113
24/01/2013,11.5559
25/01/2013,11.3598
28/01/2013,11.9051
29/01/2013,11.4815
30/01/2013,12.0934
31/01/2013,12.4595
01/02/2013,11.5746
04/02/2013,12.4663
05/02/2013,11.7971
06/02/2013,12.0205
07/02/2013,12.1091
08/02/2013,11.5895
11/02/2013,11.5793
12/02/2013,11.3747
13/02/2013,11.5686
14/02/2013,11.2321
15/02/2013,11.2378
19/02/2013,10.8035
20/02/2013,12.3171
21/02/2013,12.801
22/02/2013,12.4085
25/02/2013,14.5408
26/02/2013,14.5901
27/02/2013,12.4227
28/02/2013,12.5973
01/03/2013,12.9071
04/03/2013,12.3113
05/03/2013,11.7401
06/03/2013,11.8277
07/03/2013,11.5931
08/03/2013,11.377
11/03/2013,11.1695
12/03/2013,11.4254
13/03/2013,11.3263
14/03/2013,10.8831
15/03/2013,11.0606
18/03/2013,11.9386
19/03/2013,12.9471
20/03/2013,11.6132
21/03/2013,12.1826
22/03/2013,12.522
25/03/2013,12.5897
26/03/2013,11.6605
27/03/2013,11.7659
28/03/2013,11.6406
01/04/2013,12.342
02/04/2013,11.6958
03/04/2013,12.4369
04/04/2013,12.4591
05/04/2013,12.6916
08/04/2013,12.0637
09/04/2013,11.4123
10/04/2013,11.297
11/04/2013,11.2934
12/04/2013,11.293
15/04/2013,13.6639
16/04/2013,12.4914
17/04/2013,14.0771
18/04/2013,14.9343
19/04/2013,13.3497
22/04/2013,12.7397
23/04/2013,11.9902
24/04/2013,12.0075
25/04/2013,12.2451
26/04/2013,12.0319
29/04/2013,12.059
30/04/2013,12.0428
01/05/2013,12.7016
02/05/2013,12.0237
03/05/2013,11.56
06/05/2013,11.388
07/05/2013,11.372
08/05/2013,11.551
09/05/2013,11.9052
10/05/2013,11.8529
13/05/2013,12.126
14/05/2013,12.1693
15/05/2013,12.2056
16/05/2013,12.2566
17/05/2013,11.8336
20/05/2013,12.2528
21/05/2013,12.6986
22/05/2013,13.5047
23/05/2013,13.2139
24/05/2013,13.0844
28/05/2013,12.9989
29/05/2013,13.2734
30/05/2013,13.0455
31/05/2013,13.7313
03/06/2013,14.58
04/06/2013,14.7487
05/06/2013,15.2948
06/06/2013,15.1786
07/06/2013,13.9402
10/06/2013,14.0116
11/06/2013,15.0029
12/06/2013,16.4131
13/06/2013,15.0732
14/06/2013,15.2979
17/06/2013,15.4071
18/06/2013,14.7643
19/06/2013,14.3063
20/06/2013,17.6741
21/06/2013,16.1301
24/06/2013,17.2908
25/06/2013,16.2642
26/06/2013,15.5924
27/06/2013,15.3117
28/06/2013,15.2508
01/07/2013,15.0608
02/07/2013,15.4095
03/07/2013,14.9992
05/07/2013,14.2973
08/07/2013,13.696
09/07/2013,13.2173
10/07/2013,13.2283
11/07/2013,12.9839
12/07/2013,13.2045
15/07/2013,12.9493
16/07/2013,13.555
17/07/2013,13.0536
18/07/2013,12.8401
19/07/2013,12.3468
22/07/2013,11.9654
23/07/2013,11.9584
24/07/2013,12.5046
25/07/2013,12.2153
26/07/2013,12.124
29/07/2013,12.386
30/07/2013,12.2888
31/07/2013,12.08
01/08/2013,11.9323
02/08/2013,11.4475
05/08/2013,11.2483
06/08/2013,11.9021
07/08/2013,12.1469
08/08/2013,11.9504
09/08/2013,12.2244
12/08/2013,12.7472
13/08/2013,12.1565
14/08/2013,12.4214
15/08/2013,13.6542
16/08/2013,13.3641
19/08/2013,13.8209
20/08/2013,13.4217
21/08/2013,13.857
22/08/2013,13.4885
23/08/2013,13.0515
26/08/2013,13.5957
27/08/2013,15.2564
28/08/2013,14.7601
29/08/2013,15.3579
30/08/2013,15.5303
03/09/2013,15.3428
04/09/2013,14.7637
05/09/2013,14.3948
06/09/2013,14.2159
09/09/2013,13.9134
10/09/2013,13.2806
11/09/2013,12.7724
12/09/2013,13.0084
13/09/2013,12.9695
16/09/2013,12.8517
17/09/2013,13.0543
18/09/2013,12.4636
19/09/2013,12.3838
20/09/2013,12.5753
23/09/2013,13.1902
24/09/2013,12.9353
25/09/2013,12.8824
26/09/2013,12.9149
27/09/2013,13.4948
30/09/2013,14.3522
01/10/2013,13.8061
02/10/2013,14.2436
03/10/2013,14.8874
04/10/2013,14.491
07/10/2013,15.7894
08/10/2013,16.9954
09/10/2013,16.392
10/10/2013,14.4383
11/10/2013,13.726
14/10/2013,13.4586
15/10/2013,14.5559
16/10/2013,12.9659
17/10/2013,11.7514
18/10/2013,11.5719
21/10/2013,11.5194
22/10/2013,11.6518
23/10/2013,11.8209
24/10/2013,11.4829
25/10/2013,11.5595
28/10/2013,11.6537
29/10/2013,11.699
30/10/2013,11.9923
31/10/2013,11.9037
01/11/2013,11.855
04/11/2013,11.6077
05/11/2013,11.735
06/11/2013,11.6023
07/11/2013,12.3334
08/11/2013,11.7541
11/11/2013,11.698
12/11/2013,11.8395
13/11/2013,11.7619
14/11/2013,11.4387
15/11/2013,11.2794
18/11/2013,11.6729
19/11/2013,11.7598
20/11/2013,11.6782
21/11/2013,11.224
22/11/2013,10.9642
25/11/2013,11.1463
26/11/2013,11.1453
27/11/2013,11.2909
29/11/2013,11.7124
02/12/2013,11.9124
03/12/2013,12.463
04/12/2013,12.3798
05/12/2013,12.7675
06/12/2013,11.7538
09/12/2013,11.7839
10/12/2013,11.932
11/12/2013,12.886
12/12/2013,12.9313
13/12/2013,12.9357
16/12/2013,13.3121
17/12/2013,13.1407
18/12/2013,11.8563
19/12/2013,11.5342
20/12/2013,11.1552
23/12/2013,10.9333
24/12/2013,10.5131
26/12/2013,10.5165
27/12/2013,10.6942
30/12/2013,11.3972
31/12/2013,11.8648
02/01/2014,12.0056
03/01/2014,11.7438
06/01/2014,11.6309
07/01/2014,11.3279
08/01/2014,11.4879
09/01/2014,11.2411
10/01/2014,10.9156
13/01/2014,12.0605
14/01/2014,11.3002
15/01/2014,11.2937
16/01/2014,11.3502
17/01/2014,11.3657
21/01/2014,11.2457
22/01/2014,11.1103
23/01/2014,11.8849
24/01/2014,14.023
27/01/2014,13.6847
28/01/2014,13.2922
29/01/2014,14.3158
30/01/2014,14.0475
31/01/2014,14.9753
03/02/2014,16.8438
04/02/2014,15.3594
05/02/2014,16.0783
06/02/2014,14.2284
07/02/2014,12.8596
10/02/2014,12.7686
11/02/2014,12.1559
12/02/2014,12.1716
13/02/2014,11.9591
14/02/2014,11.6174
18/02/2014,11.7942
19/02/2014,12.7922
20/02/2014,12.1395
21/02/2014,11.9779
24/02/2014,11.9788
25/02/2014,11.9276
26/02/2014,12.2283
27/02/2014,11.8111
28/02/2014,11.7752
03/03/2014,13.2034
04/03/2014,11.9289
05/03/2014,11.9784
06/03/2014,12.1267
07/03/2014,12.1019
10/03/2014,12.2058
11/03/2014,12.6313
12/03/2014,12.4884
13/03/2014,13.7908
14/03/2014,14.4999
17/03/2014,13.1749
18/03/2014,12.5463
19/03/2014,12.8594
20/03/2014,12.2565
21/03/2014,12.467
24/03/2014,12.7809
25/03/2014,12.3165
26/03/2014,12.9069
27/03/2014,12.8309
28/03/2014,12.3893
31/03/2014,12.039
01/04/2014,11.41269
02/04/2014,11.53719
03/04/2014,11.85431
04/04/2014,12.274
07/04/2014,13.27313
08/04/2014,12.796
09/04/2014,12.14213
10/04/2014,13.70138
11/04/2014,14.45131
14/04/2014,13.913
15/04/2014,13.61069
16/04/2014,12.65038
17/04/2014,11.85288
21/04/2014,12.05331
22/04/2014,11.81331
23/04/2014,12.05763
24/04/2014,12.12419
25/04/2014,12.64438
28/04/2014,12.14913
29/04/2014,11.91338
30/04/2014,11.9235
01/05/2014,11.77781
02/05/2014,11.66388
05/05/2014,11.58688
06/05/2014,12.29313
07/05/2014,11.95369
08/05/2014,11.98669
09/05/2014,11.67763
12/05/2014,11.35631
13/05/2014,11.51638
14/05/2014,11.56831
15/05/2014,12.20581
16/05/2014,11.548
19/05/2014,11.39
20/05/2014,11.63588
21/05/2014,11.06019
22/05/2014,11.15331
23/05/2014,11.07031
27/05/2014,10.89619
28/05/2014,11.06863
29/05/2014,10.98419
30/05/2014,10.80331
02/06/2014,10.92919
03/06/2014,11.133
04/06/2014,11.17669
05/06/2014,10.97813
06/06/2014,10.41969
09/06/2014,10.54581
10/06/2014,10.36069
11/06/2014,10.688
12/06/2014,11.02781
13/06/2014,11.045
16/06/2014,11.2125
17/06/2014,10.82019
18/06/2014,9.871813
19/06/2014,9.599688
20/06/2014,9.609688
23/06/2014,9.630625
24/06/2014,10.63213
25/06/2014,9.852688
26/06/2014,10.09481
27/06/2014,9.994375
30/06/2014,9.869
01/07/2014,9.818375
02/07/2014,9.644875
03/07/2014,9.321313
07/07/2014,10.03463
08/07/2014,10.76281
09/07/2014,10.25388
10/07/2014,10.8255
11/07/2014,10.45581
14/07/2014,10.17969
15/07/2014,10.4595
16/07/2014,9.981625
17/07/2014,12.01538
18/07/2014,10.37563
21/07/2014,10.86613
22/07/2014,10.58869
23/07/2014,10.66113
24/07/2014,10.71981
25/07/2014,11.09313
28/07/2014,11.026
29/07/2014,11.38
30/07/2014,11.43869
31/07/2014,13.8245
01/08/2014,14.27969
04/08/2014,13.014
05/08/2014,14.41069
06/08/2014,14.25813
07/08/2014,14.80981
08/08/2014,14.03419
11/08/2014,13.17638
12/08/2014,13.13469
13/08/2014,11.81381
14/08/2014,11.135
15/08/2014,11.215
18/08/2014,10.57681
19/08/2014,10.56488
20/08/2014,10.6135
21/08/2014,10.52469
22/08/2014,10.54013
25/08/2014,10.58988
26/08/2014,10.53531
27/08/2014,10.84188
28/08/2014,10.941
29/08/2014,10.96488
02/09/2014,11.20738
03/09/2014,11.2295
04/09/2014,11.344
05/09/2014,10.62831
08/09/2014,10.96269
09/09/2014,11.628
10/09/2014,11.216
11/09/2014,11.17969
12/09/2014,11.682
15/09/2014,12.12631
16/09/2014,11.13769
17/09/2014,10.76569
18/09/2014,10.336
19/09/2014,10.11169
22/09/2014,11.44338
23/09/2014,12.2355
24/09/2014,11.32981
25/09/2014,13.03638
26/09/2014,12.45119
29/09/2014,13.15831
30/09/2014,13.64081
01/10/2014,14.4735
02/10/2014,14.11131
03/10/2014,12.90231
06/10/2014,13.25919
07/10/2014,14.66188
08/10/2014,13.21688
09/10/2014,15.81688
10/10/2014,17.07581
13/10/2014,19.3335
14/10/2014,18.43738
15/10/2014,19.90969
16/10/2014,19.04281
17/10/2014,17.5425
20/10/2014,16.60938
21/10/2014,14.54488
22/10/2014,15.80813
23/10/2014,14.90263
24/10/2014,14.83931
27/10/2014,14.74638
28/10/2014,13.48263
29/10/2014,13.60588
30/10/2014,13.3105
31/10/2014,12.93738
03/11/2014,13.266
04/11/2014,13.38313
05/11/2014,12.93388
06/11/2014,12.41338
07/11/2014,11.97881
10/11/2014,11.55619
11/11/2014,11.62613
12/11/2014,11.78269
13/11/2014,11.83863
14/11/2014,11.89819
17/11/2014,11.92113
18/11/2014,11.77019
19/11/2014,12.07481
20/11/2014,11.62269
21/11/2014,11.32581
24/11/2014,11.14163
25/11/2014,11.291
26/11/2014,11.257
28/11/2014,12.14119
01/12/2014,12.93219
02/12/2014,12.15838
03/12/2014,11.76738
04/12/2014,11.78138
05/12/2014,11.49369
08/12/2014,12.95513
09/12/2014,12.82263
10/12/2014,15.33781
11/12/2014,16.571
12/12/2014,17.69931
15/12/2014,17.52963
16/12/2014,19.05481
17/12/2014,16.36388
18/12/2014,14.17119
19/12/2014,13.77388
22/12/2014,13.20369
23/12/2014,13.14631
24/12/2014,13.04263
26/12/2014,12.78313
29/12/2014,12.81713
30/12/2014,13.29013
31/12/2014,14.8685
02/01/2015,14.43419
05/01/2015,15.98069
06/01/2015,17.28813
07/01/2015,16.09763
08/01/2015,14.55738
09/01/2015,14.99938
12/01/2015,16.48131
13/01/2015,16.82631
14/01/2015,17.299
15/01/2015,18.3175
16/01/2015,16.94012
20/01/2015,16.86013
21/01/2015,15.77919
22/01/2015,14.02013
23/01/2015,14.46163
26/01/2015,13.77513
27/01/2015,16.19031
28/01/2015,17.16681
29/01/2015,15.77019
30/01/2015,18.034
02/02/2015,16.33938
03/02/2015,15.05738
04/02/2015,15.65281
05/02/2015,14.66431
06/02/2015,15.06338
09/02/2015,15.94263
10/02/2015,14.742
11/02/2015,14.8765
12/02/2015,13.64519
13/02/2015,13.29488
17/02/2015,13.59931
18/02/2015,13.50869
19/02/2015,13.51931
20/02/2015,12.80513
23/02/2015,12.85981
24/02/2015,12.06281
25/02/2015,12.24713
26/02/2015,12.37138
27/02/2015,12.60281
02/03/2015,11.99188
03/03/2015,12.57363
04/03/2015,12.63363
05/03/2015,12.55619
06/03/2015,13.699
09/03/2015,13.51281
10/03/2015,14.7595
11/03/2015,15.3305
12/03/2015,14.25513
13/03/2015,14.843
16/03/2015,14.13969
17/03/2015,14.22581
18/03/2015,12.9435
19/03/2015,13.06431
20/03/2015,12.46219
23/03/2015,12.52963
24/03/2015,13.55219
25/03/2015,14.30288
26/03/2015,14.459
27/03/2015,14.1505
30/03/2015,13.41081
31/03/2015,14.25188
01/04/2015,14.19431
02/04/2015,13.8335
06/04/2015,13.72388
07/04/2015,13.67413
08/04/2015,13.21013
09/04/2015,12.4415
10/04/2015,11.90681
13/04/2015,12.93563
14/04/2015,12.57069
15/04/2015,12.05638
16/04/2015,11.93188
17/04/2015,12.87188
20/04/2015,12.27031
21/04/2015,12.27563
22/04/2015,11.87338
23/04/2015,11.80338
24/04/2015,11.8
27/04/2015,12.4505
28/04/2015,11.953
29/04/2015,12.46813
30/04/2015,13.39731
01/05/2015,12.193
04/05/2015,12.1795
05/05/2015,13.424
06/05/2015,13.88538
07/05/2015,13.83788
08/05/2015,12.22031
11/05/2015,12.89031
12/05/2015,12.93788
13/05/2015,12.83131
14/05/2015,11.97431
15/05/2015,11.75019
18/05/2015,11.7555
19/05/2015,11.77063
20/05/2015,11.81688
21/05/2015,11.38063
22/05/2015,11.42088
26/05/2015,12.57669
27/05/2015,11.84781
28/05/2015,11.927
29/05/2015,12.52288
01/06/2015,12.47481
02/06/2015,12.71163
03/06/2015,12.34631
04/06/2015,13.13669
05/06/2015,13.15969
08/06/2015,13.95588
09/06/2015,13.64081
10/06/2015,12.5925
11/06/2015,12.01738
12/06/2015,12.8205
15/06/2015,13.75063
16/06/2015,13.28363
17/06/2015,13.19
18/06/2015,12.09513
19/06/2015,12.58288
22/06/2015,11.69031
23/06/2015,11.10538
24/06/2015,12.08738
25/06/2015,12.43619
26/06/2015,12.44081
29/06/2015,15.5255
30/06/2015,15.107
01/07/2015,13.84163
02/07/2015,14.46788
06/07/2015,15.01563
07/07/2015,14.40263
08/07/2015,16.53031
09/07/2015,16.65369
10/07/2015,14.64581
13/07/2015,12.70469
14/07/2015,12.31369
15/07/2015,12.09631
16/07/2015,11.24688
17/07/2015,11.05638
20/07/2015,11.26313
21/07/2015,11.36631
22/07/2015,11.32263
23/07/2015,11.84519
24/07/2015,12.71381
27/07/2015,14.08488
28/07/2015,12.37763
29/07/2015,11.72019
30/07/2015,11.55738
31/07/2015,11.75469
03/08/2015,12.01538
04/08/2015,12.266
05/08/2015,12.182
06/08/2015,12.85713
07/08/2015,12.9555
10/08/2015,12.00481
11/08/2015,13.26769
12/08/2015,13.188
13/08/2015,13.07938
14/08/2015,12.72431
17/08/2015,12.3495
18/08/2015,12.656
19/08/2015,13.59138
20/08/2015,16.442
21/08/2015,20.43969
24/08/2015,27.44013
25/08/2015,26.08231
26/08/2015,22.3965
27/08/2015,20.39288
28/08/2015,20.50531
31/08/2015,21.992
01/09/2015,25.11569
02/09/2015,21.85481
03/09/2015,21.73013
04/09/2015,23.04913
08/09/2015,20.86113
09/09/2015,21.72813
10/09/2015,20.8725
11/09/2015,20.162
14/09/2015,20.57438
15/09/2015,18.95613
16/09/2015,17.5445
17/09/2015,17.95031
18/09/2015,19.13638
21/09/2015,17.59431
22/09/2015,19.126
23/09/2015,18.57381
24/09/2015,19.46388
25/09/2015,19.618
28/09/2015,22.01038
29/09/2015,21.53188
30/09/2015,20.04263
01/10/2015,19.30188
02/10/2015,18.4225
05/10/2015,17.26213
06/10/2015,17.1225
07/10/2015,16.42
08/10/2015,15.50931
09/10/2015,15.38113
12/10/2015,14.6455
13/10/2015,15.76719
14/10/2015,16.07769
15/10/2015,14.61231
16/10/2015,14.01031
19/10/2015,13.59088
20/10/2015,14.15613
21/10/2015,15.1
22/10/2015,13.26838
23/10/2015,13.26413
26/10/2015,14.07569
27/10/2015,13.949
28/10/2015,13.3715
29/10/2015,13.447
30/10/2015,13.81763
02/11/2015,12.70319
03/11/2015,12.87819
04/11/2015,13.599
05/11/2015,13.45313
06/11/2015,13.01363
09/11/2015,14.35131
10/11/2015,13.7895
11/11/2015,14.41081
12/11/2015,16.00419
13/11/2015,17.18581
16/11/2015,15.713
17/11/2015,16.12081
18/11/2015,14.78163
19/11/2015,14.96938
20/11/2015,14.13763
23/11/2015,14.12438
24/11/2015,14.22881
25/11/2015,13.96038
27/11/2015,14.15338
30/11/2015,14.78219
01/12/2015,13.68313
02/12/2015,14.6925
03/12/2015,16.1355
04/12/2015,13.92419
07/12/2015,14.541
08/12/2015,15.67969
09/12/2015,16.6485
10/12/2015,16.53619
11/12/2015,19.36231
14/12/2015,18.342
15/12/2015,17.2395
16/12/2015,15.48469
17/12/2015,16.45431
18/12/2015,17.84069
21/12/2015,16.73763
22/12/2015,15.55819
23/12/2015,14.87869
24/12/2015,14.935
28/12/2015,15.25938
29/12/2015,14.27569
30/12/2015,14.91781
31/12/2015,15.60063
04/01/2016,17.59838
05/01/2016,16.95219
06/01/2016,18.00719
07/01/2016,20.50981
08/01/2016,21.57913
11/01/2016,20.00581
12/01/2016,18.81488
13/01/2016,20.92613
14/01/2016,19.95738
15/01/2016,21.71081
19/01/2016,21.10369
20/01/2016,22.43731
21/01/2016,22.15813
22/01/2016,19.411
25/01/2016,20.816
26/01/2016,19.86481
27/01/2016,20.48619
28/01/2016,19.82819
29/01/2016,18.09213
01/02/2016,18.24969
02/02/2016,19.9045
03/02/2016,19.66119
04/02/2016,19.99869
05/02/2016,21.36463
08/02/2016,23.02563
09/02/2016,23.28169
10/02/2016,23.254
11/02/2016,24.34413
12/02/2016,22.59081
16/02/2016,21.11219
17/02/2016,19.81563
18/02/2016,19.598
19/02/2016,18.93588
22/02/2016,17.78219
23/02/2016,19.02188
24/02/2016,18.86319
25/02/2016,17.66163
26/02/2016,18.22169
29/02/2016,18.88769
01/03/2016,16.60413
02/03/2016,16.19319
03/03/2016,15.90563
04/03/2016,15.86669
07/03/2016,16.14938
08/03/2016,17.28919
09/03/2016,16.85938
10/03/2016,16.55138
11/03/2016,15.38681
14/03/2016,15.29788
15/03/2016,15.32738
16/03/2016,14.402
17/03/2016,13.922
18/03/2016,13.60219
21/03/2016,13.30038
22/03/2016,13.43581
23/03/2016,14.2135
24/03/2016,14.19988
28/03/2016,14.24863
29/03/2016,13.07481
30/03/2016,12.58413
31/03/2016,12.76969
01/04/2016,12.22119
04/04/2016,13.23331
05/04/2016,14.3315
06/04/2016,13.31069
07/04/2016,14.88281
08/04/2016,14.27319
11/04/2016,14.856
12/04/2016,13.897
13/04/2016,13.02263
14/04/2016,12.92413
15/04/2016,12.75938
18/04/2016,12.39838
19/04/2016,12.4255
20/04/2016,12.599
21/04/2016,13.21069
22/04/2016,12.85819
25/04/2016,13.43063
26/04/2016,13.19088
27/04/2016,13.05813
28/04/2016,14.02769
29/04/2016,14.51481
02/05/2016,13.73563
03/05/2016,14.63813
04/05/2016,15.17888
05/05/2016,15.99731
06/05/2016,14.93213
09/05/2016,14.23581
10/05/2016,13.298
11/05/2016,14.323
12/05/2016,14.07919
13/05/2016,14.67769
16/05/2016,14.047
17/05/2016,14.79281
18/05/2016,14.99569
19/05/2016,15.2495
20/05/2016,14.37119
23/05/2016,14.55913
24/05/2016,13.15069
25/05/2016,12.70638
26/05/2016,12.44619
27/05/2016,12.02038
31/05/2016,12.67238
01/06/2016,12.54919
02/06/2016,12.60788
03/06/2016,11.4365
06/06/2016,12.27881
07/06/2016,12.3555
08/06/2016,12.32181
09/06/2016,12.54619
10/06/2016,13.8325
13/06/2016,16.63731
14/06/2016,16.61538
15/06/2016,16.45638
16/06/2016,15.87313
17/06/2016,16.28431
20/06/2016,15.03188
21/06/2016,15.08169
22/06/2016,16.45019
23/06/2016,13.82831
24/06/2016,18.9395
27/06/2016,19.25419
28/06/2016,16.02588
29/06/2016,14.52381
30/06/2016,13.4315
01/07/2016,13.2175
05/07/2016,13.98713
06/07/2016,13.67981
07/07/2016,13.322
08/07/2016,11.95163
11/07/2016,12.11363
12/07/2016,11.67713
13/07/2016,11.44119
14/07/2016,11.38881
15/07/2016,11.40938
18/07/2016,11.30969
19/07/2016,11.15613
20/07/2016,11.1385
21/07/2016,11.8575
22/07/2016,11.43319
25/07/2016,11.9315
26/07/2016,11.89531
27/07/2016,11.78669
28/07/2016,11.76063
29/07/2016,11.13519
01/08/2016,11.38119
02/08/2016,12.1445
03/08/2016,11.67931
04/08/2016,11.508
05/08/2016,10.69069
08/08/2016,10.62119
09/08/2016,10.67719
10/08/2016,11.15731
11/08/2016,11.04438
12/08/2016,10.90469
15/08/2016,10.95938
16/08/2016,11.49288
17/08/2016,11.19981
18/08/2016,10.73931
19/08/2016,10.55613
22/08/2016,10.84631
23/08/2016,10.79631
24/08/2016,11.50719
25/08/2016,11.7215
26/08/2016,11.84938
29/08/2016,11.3435
30/08/2016,11.44038
31/08/2016,11.70713
01/09/2016,11.79013
02/09/2016,11.06719
06/09/2016,11.018
07/09/2016,10.96569
08/09/2016,11.36381
09/09/2016,14.95419
12/09/2016,13.36031
13/09/2016,15.43481
14/09/2016,15.60838
15/09/2016,14.50763
16/09/2016,14.16663
19/09/2016,14.16631
20/09/2016,14.49313
21/09/2016,12.92738
22/09/2016,12.01588
23/09/2016,12.23488
26/09/2016,13.80781
27/09/2016,12.7295
28/09/2016,12.14869
29/09/2016,13.48219
30/09/2016,12.41031
03/10/2016,12.873
04/10/2016,13.18638
05/10/2016,12.81788
06/10/2016,12.517
07/10/2016,12.91063
10/10/2016,12.25819
11/10/2016,13.71181
12/10/2016,13.74613
13/10/2016,14.40438
14/10/2016,14.25531
17/10/2016,14.4565
18/10/2016,13.7555
19/10/2016,13.29788
20/10/2016,12.99669
21/10/2016,12.72069
24/10/2016,12.35638
25/10/2016,12.59388
26/10/2016,13.11881
27/10/2016,13.67131
28/10/2016,14.25469
31/10/2016,14.57219
01/11/2016,15.46188
02/11/2016,16.04638
03/11/2016,16.77981
04/11/2016,17.19319
07/11/2016,14.3505
08/11/2016,14.21638
09/11/2016,12.377
10/11/2016,12.92013
11/11/2016,12.90269
14/11/2016,12.94313
15/11/2016,11.97088
16/11/2016,12.1935
17/11/2016,11.85838
18/11/2016,11.65031
21/11/2016,11.16819
22/11/2016,11.14113
23/11/2016,11.25213
25/11/2016,11.10263
28/11/2016,11.59463
29/11/2016,11.48219
30/11/2016,11.754
01/12/2016,12.37531
02/12/2016,12.42819
05/12/2016,11.60438
06/12/2016,11.30938
07/12/2016,11.26369
08/12/2016,11.68738
09/12/2016,11.1585
12/12/2016,11.71863
13/12/2016,11.93469
14/12/2016,11.99169
15/12/2016,11.53313
16/12/2016,11.21638
19/12/2016,11.02363
20/12/2016,10.95569
21/12/2016,11.00888
22/12/2016,11.05288
23/12/2016,10.99269
27/12/2016,11.10538
28/12/2016,11.67513
29/12/2016,11.92031
30/12/2016,12.2805
03/01/2017,11.58219
04/01/2017,10.86788
05/01/2017,10.7205
06/01/2017,10.56538
09/01/2017,10.88319
10/01/2017,10.87019
11/01/2017,10.78038
12/01/2017,10.809
13/01/2017,10.47787
17/01/2017,10.76213
18/01/2017,10.60581
19/01/2017,10.94113
20/01/2017,10.309
23/01/2017,10.608
24/01/2017,10.10688
25/01/2017,10.02088
26/01/2017,9.973
27/01/2017,9.923875
30/01/2017,10.62763
31/01/2017,10.74519
01/02/2017,10.48619
02/02/2017,10.69231
03/02/2017,10.14937
06/02/2017,10.36781
07/02/2017,10.44469
08/02/2017,10.45319
09/02/2017,10.23263
10/02/2017,9.915375
13/02/2017,9.617813
14/02/2017,9.1455
15/02/2017,9.632
16/02/2017,9.725688
17/02/2017,9.715875
21/02/2017,9.822688
22/02/2017,10.05838
23/02/2017,10.36
24/02/2017,10.3575
27/02/2017,11.058
28/02/2017,11.60713
01/03/2017,11.3425
02/03/2017,11.19169
03/03/2017,10.55288
06/03/2017,10.7665
07/03/2017,10.84181
08/03/2017,11.07213
09/03/2017,11.46238
10/03/2017,11.04081
13/03/2017,11.13019
14/03/2017,11.39581
15/03/2017,10.87019
16/03/2017,10.2675
17/03/2017,10.2775
20/03/2017,10.16413
21/03/2017,11.00788
22/03/2017,11.09069
23/03/2017,11.45131
24/03/2017,11.21588
27/03/2017,10.878
28/03/2017,10.12219
29/03/2017,9.924813
30/03/2017,9.853688
31/03/2017,9.9875
03/04/2017,10.31713
04/04/2017,9.992
05/04/2017,10.54669
06/04/2017,10.28569
07/04/2017,10.54719
10/04/2017,11.18719
11/04/2017,11.60413
12/04/2017,11.79863
13/04/2017,12.314
17/04/2017,11.46538
18/04/2017,11.50763
19/04/2017,11.83263
20/04/2017,11.10338
21/04/2017,11.3925
24/04/2017,9.4085
25/04/2017,9.300688
26/04/2017,9.404625
27/04/2017,9.3055
28/04/2017,9.289313
01/05/2017,9.235313
02/05/2017,9.275813
03/05/2017,9.5645
04/05/2017,9.3105
05/05/2017,9.155813
08/05/2017,8.9215
09/05/2017,9.085
10/05/2017,9.253813
11/05/2017,9.482375
12/05/2017,9.385313
15/05/2017,9.057875
16/05/2017,8.967313
17/05/2017,11.75369
18/05/2017,11.17569
19/05/2017,9.9635
22/05/2017,9.381313
23/05/2017,9.214125
24/05/2017,8.947875
25/05/2017,8.8215
26/05/2017,8.758313
30/05/2017,9.061125
31/05/2017,8.921813
01/06/2017,8.598813
02/06/2017,8.557313
05/06/2017,8.857125
06/06/2017,9.157125
07/06/2017,9.183
08/06/2017,8.9725
09/06/2017,8.894688
12/06/2017,9.1825
13/06/2017,8.707688
14/06/2017,8.7945
15/06/2017,9.026688
16/06/2017,8.687375
19/06/2017,8.485
20/06/2017,8.929
21/06/2017,8.997813
22/06/2017,8.925625
23/06/2017,8.663125
26/06/2017,8.525375
27/06/2017,9.379375
28/06/2017,8.658125
29/06/2017,9.666375
30/06/2017,9.408375
03/07/2017,9.574875
05/07/2017,9.340813
06/07/2017,10.38831
07/07/2017,9.551125
10/07/2017,9.478813
11/07/2017,9.429313
12/07/2017,8.8845
13/07/2017,8.6025
14/07/2017,8.354812
17/07/2017,8.470813
18/07/2017,8.405188
19/07/2017,8.247688
20/07/2017,8.316188
21/07/2017,8.279688
24/07/2017,8.399375
25/07/2017,8.251125
26/07/2017,8.233688
27/07/2017,8.476688
28/07/2017,8.676
31/07/2017,8.712813
01/08/2017,8.431313
02/08/2017,8.545188
03/08/2017,8.889688
04/08/2017,8.6695
07/08/2017,8.6565
08/08/2017,9.296375
09/08/2017,9.5515
10/08/2017,12.16969
11/08/2017,11.96481
14/08/2017,9.726
15/08/2017,9.637625
16/08/2017,9.430688
17/08/2017,11.8885
18/08/2017,11.768
21/08/2017,11.317
22/08/2017,9.867188
23/08/2017,10.684
24/08/2017,10.8685
25/08/2017,10.39638
28/08/2017,10.46262
29/08/2017,10.43369
30/08/2017,10.27763
31/08/2017,9.700313
01/09/2017,9.437188
05/09/2017,10.83588
06/09/2017,10.30963
07/09/2017,10.24363
08/09/2017,10.61663
11/09/2017,9.504688
12/09/2017,9.169813
13/09/2017,8.979
14/09/2017,8.857375
15/09/2017,8.620688
18/09/2017,8.441313
19/09/2017,8.359
20/09/2017,8.291125
21/09/2017,8.279
22/09/2017,8.3495
25/09/2017,8.694188
26/09/2017,8.701188
27/09/2017,8.633313
28/09/2017,8.4295
29/09/2017,8.155813
02/10/2017,8.124813
03/10/2017,8.110375
04/10/2017,8.077625
05/10/2017,7.845625
06/10/2017,8.107313
09/10/2017,8.433313
10/10/2017,8.258625
11/10/2017,8.006688
12/10/2017,8.127
13/10/2017,7.825375
16/10/2017,7.821313
17/10/2017,7.892875
18/10/2017,7.8425
19/10/2017,7.869688
20/10/2017,7.6685
23/10/2017,8.379687
24/10/2017,8.467313
25/10/2017,8.931125
26/10/2017,8.966188
27/10/2017,8.145188
30/10/2017,8.519625
31/10/2017,8.3125
01/11/2017,8.603
02/11/2017,8.77
03/11/2017,8.359188
06/11/2017,8.481375
07/11/2017,8.763813
08/11/2017,8.7915
09/11/2017,9.222
10/11/2017,9.663188
13/11/2017,9.779875
14/11/2017,9.826
15/11/2017,10.6385
16/11/2017,9.540688
17/11/2017,9.427625
20/11/2017,9.0405
21/11/2017,8.473688
22/11/2017,8.433625
24/11/2017,8.446625
27/11/2017,8.636313
28/11/2017,8.546188
29/11/2017,8.939625
30/11/2017,9.236125
01/12/2017,9.542188
04/12/2017,9.655813
05/12/2017,9.611625
06/12/2017,9.464313
07/12/2017,9.061625
08/12/2017,8.487688
11/12/2017,8.170375
12/12/2017,8.316
13/12/2017,8.340688
14/12/2017,8.536875
15/12/2017,7.895375
18/12/2017,8.059813
19/12/2017,8.430313
20/12/2017,8.288
21/12/2017,8.304813
22/12/2017,8.470625
26/12/2017,8.726688
27/12/2017,8.571188
28/12/2017,8.334375
29/12/2017,8.6865
02/01/2018,8.184688
03/01/2018,7.930688
04/01/2018,8.172375
05/01/2018,8.214
08/01/2018,8.374
09/01/2018,8.613813
10/01/2018,8.527125
11/01/2018,8.522188
12/01/2018,8.802625
16/01/2018,9.811188
17/01/2018,9.737188
18/01/2018,10.09031
19/01/2018,9.520875
22/01/2018,9.681125
23/01/2018,9.873
24/01/2018,10.33313
25/01/2018,10.41631
26/01/2018,10.36819
29/01/2018,11.82163
30/01/2018,12.39063
31/01/2018,11.7705
01/02/2018,11.63338
02/02/2018,13.5845
05/02/2018,26.58663
06/02/2018,17.291
07/02/2018,16.52481
08/02/2018,22.21181
09/02/2018,20.3025
12/02/2018,17.03481
13/02/2018,16.51719
14/02/2018,14.55538
15/02/2018,14.17838
16/02/2018,14.07669
20/02/2018,14.87181
21/02/2018,15.16469
22/02/2018,14.134
23/02/2018,12.56488
26/02/2018,12.44538
27/02/2018,14.161
28/02/2018,14.69819
01/03/2018,16.26387
02/03/2018,15.42319
05/03/2018,14.66013
06/03/2018,14.55631
07/03/2018,14.43631
08/03/2018,13.749
09/03/2018,12.47419
12/03/2018,13.02488
13/03/2018,13.37331
14/03/2018,13.91131
15/03/2018,13.33081
16/03/2018,12.83081
19/03/2018,14.57081
20/03/2018,14.29031
21/03/2018,14.17413
22/03/2018,17.14788
23/03/2018,18.8143
26/03/2018,16.76
27/03/2018,18.3119
28/03/2018,18.5812
29/03/2018,17.0401
02/04/2018,19.3592
03/04/2018,17.8125
04/04/2018,16.8743
05/04/2018,16.0721
06/04/2018,17.9359
09/04/2018,18.0555
10/04/2018,17.0775
11/04/2018,17.0539
12/04/2018,15.8852
13/04/2018,14.9963
16/04/2018,13.6944
17/04/2018,12.7488
18/04/2018,12.519
19/04/2018,13.1199
20/04/2018,13.9359
23/04/2018,13.8484
24/04/2018,15.0302
25/04/2018,15.043
26/04/2018,13.9946
27/04/2018,13.7064
30/04/2018,14.1102
01/05/2018,13.6348
02/05/2018,14.0304
03/05/2018,13.9432
04/05/2018,13.1523
07/05/2018,13.1521
08/05/2018,13.0487
09/05/2018,12.1636
10/05/2018,11.5059
11/05/2018,11.0309
14/05/2018,10.7575
15/05/2018,11.6397
16/05/2018,11.0145
17/05/2018,11.0066
18/05/2018,11.2143
21/05/2018,10.7367
22/05/2018,10.7297
23/05/2018,10.3881
24/05/2018,10.3525
25/05/2018,10.569
29/05/2018,12.7268
30/05/2018,11.4542
31/05/2018,11.8351
01/06/2018,10.8822
04/06/2018,10.6659
05/06/2018,10.6631
06/06/2018,9.9252
07/06/2018,10.0535
08/06/2018,10.0912
11/06/2018,10.1826
12/06/2018,10.084
13/06/2018,10.4611
14/06/2018,9.9684
15/06/2018,9.9494
18/06/2018,10.0243
19/06/2018,10.6695
20/06/2018,10.3541
21/06/2018,11.3344
22/06/2018,10.9777
25/06/2018,13.3086
26/06/2018,12.6954
27/06/2018,13.9496
28/06/2018,13.3068
29/06/2018,12.7706
02/07/2018,12.545
03/07/2018,13.114
05/07/2018,12.079
06/07/2018,11.1556
09/07/2018,10.4195
10/07/2018,10.1647
11/07/2018,10.9301
12/07/2018,10.2554
13/07/2018,9.9223
16/07/2018,10.231
17/07/2018,9.6181
18/07/2018,9.4865
19/07/2018,10.0264
20/07/2018,10.0792
23/07/2018,10.0511
24/07/2018,9.8897
25/07/2018,9.7318
26/07/2018,9.791
27/07/2018,10.1623
30/07/2018,10.9303
31/07/2018,9.9787
01/08/2018,10.2937
02/08/2018,9.9135
03/08/2018,9.4624
06/08/2018,9.3866
07/08/2018,9.1917
08/08/2018,9.2201
09/08/2018,9.4027
10/08/2018,10.1859
13/08/2018,11.0413
14/08/2018,10.186
15/08/2018,11.0669
16/08/2018,10.4341
17/08/2018,10.0578
20/08/2018,10.0338
21/08/2018,10.1114
22/08/2018,10.1162
23/08/2018,10.2124
24/08/2018,9.9621
27/08/2018,9.8083
28/08/2018,9.9508
29/08/2018,9.8154
30/08/2018,10.483
31/08/2018,9.9135
04/09/2018,10.5669
05/09/2018,11.1292
06/09/2018,11.6116
07/09/2018,11.7691
10/09/2018,11.4912
11/09/2018,10.8747
12/09/2018,10.5339
13/09/2018,10.062
14/09/2018,9.7756
17/09/2018,10.4763
18/09/2018,10.2387
19/09/2018,9.8372
20/09/2018,9.6259
21/09/2018,9.8108
24/09/2018,10.0497
25/09/2018,10.3097
26/09/2018,10.5913
27/09/2018,10.228
28/09/2018,10.1045
01/10/2018,10.204
02/10/2018,10.3944
03/10/2018,10.3802
04/10/2018,11.5678
05/10/2018,12.1612
08/10/2018,12.4406
09/10/2018,12.6424
10/10/2018,16.8515
11/10/2018,18.1328
12/10/2018,16.1471
15/10/2018,16.5037
16/10/2018,14.0459
17/10/2018,14.1069
18/10/2018,16.0204
19/10/2018,16.3035
22/10/2018,16.1976
23/10/2018,16.6006
24/10/2018,19.2823
25/10/2018,18.7173
26/10/2018,19.1375
29/10/2018,19.7238
30/10/2018,19.1024
31/10/2018,17.9696
01/11/2018,16.7407
02/11/2018,17.3272
05/11/2018,17.2185
06/11/2018,16.5896
07/11/2018,14.3475
08/11/2018,14.3829
09/11/2018,15.1641
12/11/2018,17.1333
13/11/2018,17.0428
14/11/2018,18.1508
15/11/2018,17.2981
16/11/2018,16.0277
19/11/2018,17.8621
20/11/2018,19.4435
21/11/2018,18.1793
23/11/2018,18.5859
26/11/2018,16.9285
27/11/2018,17.0029
28/11/2018,16.3456
29/11/2018,16.7199
30/11/2018,16.0005
03/12/2018,14.6861
04/12/2018,17.9853
06/12/2018,18.5175
07/12/2018,20.424
10/12/2018,19.8741
11/12/2018,19.4399
12/12/2018,19.1181
13/12/2018,18.8169
14/12/2018,19.8576
17/12/2018,21.3124
18/12/2018,21.3806
19/12/2018,21.3077
20/12/2018,22.7985
21/12/2018,24.0955
24/12/2018,27.129
26/12/2018,23.9508
27/12/2018,24.3057
28/12/2018,23.5549
31/12/2018,21.485
02/01/2019,20.2727
03/01/2019,22.3213
04/01/2019,19.6022
07/01/2019,19.5334
08/01/2019,18.5331
09/01/2019,18.0467
10/01/2019,17.6414
11/01/2019,16.747
14/01/2019,16.9486
15/01/2019,15.8357
16/01/2019,16.0031
17/01/2019,15.6433
18/01/2019,15.3504
22/01/2019,17.5109
23/01/2019,17.0649
24/01/2019,16.2745
25/01/2019,15.7514
28/01/2019,16.7339
29/01/2019,16.8157
30/01/2019,15.57
31/01/2019,14.5637
01/02/2019,14.2721
04/02/2019,13.7005
05/02/2019,13.6594
06/02/2019,13.5465
07/02/2019,14.3949
08/02/2019,14.1097
11/02/2019,14.2552
12/02/2019,13.6021
13/02/2019,13.6939
14/02/2019,14.0875
15/02/2019,13.1115
19/02/2019,13.0337
20/02/2019,12.3686
21/02/2019,12.5992
22/02/2019,11.9827
25/02/2019,12.3513
26/02/2019,12.5395
27/02/2019,12.2687
28/02/2019,12.2754
01/03/2019,11.4834
04/03/2019,12.3552
05/03/2019,12.3986
06/03/2019,13.1451
07/03/2019,14.0009
08/03/2019,13.8926
11/03/2019,12.5239
12/03/2019,12.0506
13/03/2019,11.6473
14/03/2019,11.7299
15/03/2019,11.3725
18/03/2019,11.7291
19/03/2019,12.0831
20/03/2019,12.3778
21/03/2019,12.1566
22/03/2019,14.4389
25/03/2019,14.6039
26/03/2019,13.5426
27/03/2019,13.9601
28/03/2019,13.319
29/03/2019,12.7262
01/04/2019,12.0365
02/04/2019,11.9829
03/04/2019,12.1209
04/04/2019,11.8882
05/04/2019,11.2816
08/04/2019,11.3832
09/04/2019,12.1467
10/04/2019,11.5632
11/04/2019,11.4306
12/04/2019,10.7657
15/04/2019,10.7948
16/04/2019,10.6974
17/04/2019,10.9877
18/04/2019,10.7397
22/04/2019,10.847
23/04/2019,10.5801
24/04/2019,11.0038
25/04/2019,11.1639
26/04/2019,10.8466
29/04/2019,11.1715
30/04/2019,11.1725
01/05/2019,12.2561
02/05/2019,12.1561
03/05/2019,11.1602
06/05/2019,12.6321
07/05/2019,15.8199
08/05/2019,15.5332
09/05/2019,15.7734
10/05/2019,13.9144
13/05/2019,17.2172
14/05/2019,15.7546
15/05/2019,14.7339
16/05/2019,13.767
17/05/2019,14.1966
20/05/2019,14.8725
21/05/2019,13.7575
22/05/2019,13.7329
23/05/2019,15.3045
24/05/2019,14.7856
28/05/2019,15.8228
29/05/2019,16.277
30/05/2019,15.8653
31/05/2019,16.9237
03/06/2019,16.8457
04/06/2019,15.4626
05/06/2019,14.8114
06/06/2019,14.3504
07/06/2019,14.3711
10/06/2019,14.1525
11/06/2019,14.4047
12/06/2019,14.4349
13/06/2019,14.2883
14/06/2019,14.1551
17/06/2019,14.0788
18/06/2019,13.8024
19/06/2019,13.2027
20/06/2019,13.1943
21/06/2019,13.7853
24/06/2019,13.7108
25/06/2019,14.5414
26/06/2019,14.3789
27/06/2019,13.9827
28/06/2019,13.3367
01/07/2019,12.4773
02/07/2019,11.5262
03/07/2019,11.1442
05/07/2019,11.4735
08/07/2019,12.0824
09/07/2019,12.2065
10/07/2019,11.7333
11/07/2019,11.3859
12/07/2019,11.0477
15/07/2019,11.2399
16/07/2019,11.4254
17/07/2019,12.1937
18/07/2019,11.8055
19/07/2019,12.5317
22/07/2019,11.9274
23/07/2019,11.4231
24/07/2019,11.0991
25/07/2019,11.6764
26/07/2019,11.1836
29/07/2019,11.3309
30/07/2019,12.0055
31/07/2019,13.3084
01/08/2019,15.0478
02/08/2019,15.3243
05/08/2019,20.3387
06/08/2019,17.6473
07/08/2019,17.482
08/08/2019,15.0589
09/08/2019,15.9773
12/08/2019,18.4817
13/08/2019,15.8259
14/08/2019,19.9674
15/08/2019,19.2073
16/08/2019,17.1449
19/08/2019,15.6464
20/08/2019,16.2551
21/08/2019,15.0718
22/08/2019,15.5665
23/08/2019,18.3282
26/08/2019,17.8207
27/08/2019,18.5589
28/08/2019,17.7539
29/08/2019,16.3357
30/08/2019,16.7637
03/09/2019,17.4834
04/09/2019,15.7663
05/09/2019,14.5988
06/09/2019,13.9567
09/09/2019,13.9098
10/09/2019,13.8333
11/09/2019,13.3994
12/09/2019,12.9714
13/09/2019,12.936
16/09/2019,13.5289
17/09/2019,13.661
18/09/2019,13.2566
19/09/2019,13.2785
20/09/2019,14.284
23/09/2019,13.9863
24/09/2019,15.4111
25/09/2019,14.6446
26/09/2019,14.836
27/09/2019,15.5973
30/09/2019,14.6156
01/10/2019,16.5147
02/10/2019,18.6294
03/10/2019,17.4232
04/10/2019,15.4478
07/10/2019,16.0587
08/10/2019,18.1479
09/10/2019,16.7779
10/10/2019,16.0161
11/10/2019,14.5629
14/10/2019,14.0126
15/10/2019,13.071
16/10/2019,13.1018
17/10/2019,13.0879
18/10/2019,13.3093
21/10/2019,12.8383
22/10/2019,13.0671
23/10/2019,12.8068
24/10/2019,12.7361
25/10/2019,11.9302
28/10/2019,11.9706
29/10/2019,12.1075
30/10/2019,11.73
31/10/2019,11.9763
01/11/2019,11.3491
04/11/2019,11.5309
05/11/2019,11.7978
06/11/2019,11.7042
07/11/2019,11.7941
08/11/2019,11.6183
11/11/2019,11.9058
12/11/2019,11.8193
13/11/2019,11.929
14/11/2019,11.886
15/11/2019,11.2006
18/11/2019,11.4726
19/11/2019,11.7504
20/11/2019,11.9478
21/11/2019,12.222
22/11/2019,11.8355
25/11/2019,11.3048
26/11/2019,11.0311
27/11/2019,11.1457
29/11/2019,11.8625
02/12/2019,13.5957
03/12/2019,14.7865
04/12/2019,13.9967
05/12/2019,13.8283
06/12/2019,12.8824
09/12/2019,13.9099
10/12/2019,13.7978
11/12/2019,13.4325
12/12/2019,12.4088
13/12/2019,11.4714
16/12/2019,10.947
17/12/2019,10.9985
18/12/2019,11.1986
19/12/2019,10.9211
20/12/2019,10.929
23/12/2019,11.0497
24/12/2019,11.1905
26/12/2019,11.2833
27/12/2019,11.778
30/12/2019,12.9013
31/12/2019,12.0328
02/01/2020,11.3815
03/01/2020,12.6276
06/01/2020,12.6776
07/01/2020,12.6065
08/01/2020,12.0716
09/01/2020,11.4688
10/01/2020,11.6675
13/01/2020,11.3741
14/01/2020,11.4241
15/01/2020,11.3701
16/01/2020,11.1689
17/01/2020,11.0257
21/01/2020,11.6456
22/01/2020,11.7896
23/01/2020,11.8064
24/01/2020,13.1593
27/01/2020,15.6475
28/01/2020,14.2656
29/01/2020,14.2757
30/01/2020,13.5184
31/01/2020,15.6373
03/02/2020,15.2555
04/02/2020,13.5273
05/02/2020,12.6587
06/02/2020,12.2266
07/02/2020,12.8781
10/02/2020,12.4193
11/02/2020,12.398
12/02/2020,11.5411
13/02/2020,11.918
14/02/2020,11.6517
18/02/2020,12.2015
19/02/2020,11.8539
20/02/2020,12.6811
21/02/2020,14.0209
24/02/2020,19.4828
25/02/2020,21.7138
26/02/2020,21.7719
27/02/2020,29.4445
28/02/2020,30.3119
02/03/2020,25.495
03/03/2020,28.6052
04/03/2020,24.3627
05/03/2020,31.3403
06/03/2020,34.3006
09/03/2020,44.1803
10/03/2020,39.4083
11/03/2020,44.844
12/03/2020,59.9978
13/03/2020,47.7409
16/03/2020,70.4977
17/03/2020,63.4073
18/03/2020,67.8129
19/03/2020,61.4366
20/03/2020,55.6466
23/03/2020,49.7598
24/03/2020,46.4148
25/03/2020,49.7567
26/03/2020,45.4572
27/03/2020,50.3256
30/03/2020,44.7544
31/03/2020,41.8309
01/04/2020,47.7329
02/04/2020,43.0943
03/04/2020,40.4978
06/04/2020,36.5811
07/04/2020,37.8942
08/04/2020,35.9131
09/04/2020,35.094
13/04/2020,35.1598
14/04/2020,31.6538
15/04/2020,34.615
16/04/2020,34.3234
17/04/2020,32.0905
20/04/2020,36.5665
21/04/2020,39.1447
22/04/2020,35.9123
23/04/2020,35.6909
24/04/2020,32.0099
27/04/2020,29.2663
28/04/2020,29.3422
29/04/2020,26.9704
30/04/2020,28.8045
01/05/2020,32.2763
04/05/2020,31.1415
05/05/2020,29.7343
06/05/2020,30.1717
07/05/2020,28.5025
08/05/2020,25.4044
11/05/2020,24.4758
12/05/2020,27.9857
13/05/2020,30.4907
14/05/2020,28.2848
15/05/2020,27.8445
18/05/2020,24.8572
19/05/2020,26.0481
20/05/2020,24.3327
21/05/2020,25.7364
22/05/2020,25.2646
26/05/2020,24.1611
27/05/2020,23.3932
28/05/2020,24.0659
29/05/2020,23.2933
01/06/2020,23.989
02/06/2020,22.9864
03/06/2020,22.2241
04/06/2020,22.4364
05/06/2020,20.5965
08/06/2020,21.3529
09/06/2020,23.1533
10/06/2020,23.1068
11/06/2020,32.8616
12/06/2020,30.0187
15/06/2020,28.5989
16/06/2020,27.7618
17/06/2020,27.7294
18/06/2020,27.5138
19/06/2020,28.7202
22/06/2020,26.509
23/06/2020,26.1857
24/06/2020,28.7011
25/06/2020,26.701
26/06/2020,29.0774
29/06/2020,26.602
30/06/2020,24.8392
01/07/2020,23.9136
02/07/2020,23.3553
06/07/2020,23.2036
07/07/2020,24.4324
08/07/2020,23.5516
09/07/2020,24.7229
10/07/2020,23.4872
13/07/2020,26.6727
14/07/2020,24.4385
15/07/2020,23.5999
16/07/2020,23.5142
17/07/2020,22.1062
20/07/2020,20.7653
21/07/2020,21.059
22/07/2020,20.4235
23/07/2020,21.7569
24/07/2020,22.1433
27/07/2020,21.2082
28/07/2020,21.7468
29/07/2020,20.6693
30/07/2020,21.5312
31/07/2020,21.3112
03/08/2020,21.0062
04/08/2020,20.5431
05/08/2020,19.8154
06/08/2020,19.4112
07/08/2020,19.4007
10/08/2020,19.389
11/08/2020,20.7504
12/08/2020,19.349
13/08/2020,19.4818
14/08/2020,19.5998
17/08/2020,18.8776
18/08/2020,18.6974
19/08/2020,19.1488
20/08/2020,18.9887
21/08/2020,18.7314
24/08/2020,18.6625
25/08/2020,18.5917
26/08/2020,19.2281
27/08/2020,19.7424
28/08/2020,19.0397
31/08/2020,21.0187
01/09/2020,20.972
02/09/2020,21.541
03/09/2020,25.9734
04/09/2020,25.5563
08/09/2020,26.7372
09/09/2020,24.8631
10/09/2020,26.438
11/09/2020,25.2419
14/09/2020,24.5204
15/09/2020,24.2169
16/09/2020,24.3813
17/09/2020,24.7244
18/09/2020,24.8279
21/09/2020,26.5136
22/09/2020,26.2561
23/09/2020,27.9964
24/09/2020,27.5593
25/09/2020,26.1709
28/09/2020,26.0918
29/09/2020,25.9631
30/09/2020,26.0716
01/10/2020,26.2238
02/10/2020,27.1385
05/10/2020,26.0071
06/10/2020,26.4131
07/10/2020,25.0019
08/10/2020,23.9394
09/10/2020,22.3533
12/10/2020,21.8387
13/10/2020,22.605
14/10/2020,22.7277
15/10/2020,23.0378
16/10/2020,23.5248
19/10/2020,25.1084
20/10/2020,24.9074
21/10/2020,24.5906
22/10/2020,24.1062
23/10/2020,23.651
26/10/2020,26.9213
27/10/2020,27.2744
28/10/2020,32.6878
29/10/2020,30.4727
30/10/2020,30.9567
02/11/2020,29.2872
03/11/2020,27.662
04/11/2020,23.8575
05/11/2020,22.7759
06/11/2020,21.4582
09/11/2020,21.0392
10/11/2020,20.5934
11/11/2020,19.6232
12/11/2020,20.9318
13/11/2020,19.7353
16/11/2020,19.2515
17/11/2020,19.5174
18/11/2020,20.3597
19/11/2020,19.7435
20/11/2020,20.2674
23/11/2020,19.4234
24/11/2020,18.6984
25/11/2020,18.2889
27/11/2020,18.4989
30/11/2020,18.6439
01/12/2020,18.9278
02/12/2020,18.9118
03/12/2020,18.8432
04/12/2020,18.3792
07/12/2020,18.6836
08/12/2020,18.0081
09/12/2020,18.9659
10/12/2020,19.3268
11/12/2020,19.8702
14/12/2020,20.617
15/12/2020,19.2163
16/12/2020,18.6771
17/12/2020,18.1698
18/12/2020,18.3122
21/12/2020,20.3083
22/12/2020,19.983
23/12/2020,19.266
24/12/2020,18.1271
28/12/2020,18.0616
29/12/2020,19.1849
30/12/2020,18.8623
31/12/2020,18.5369
04/01/2021,21.4744
05/01/2021,20.3153
06/01/2021,19.8419
07/01/2021,18.1983
08/01/2021,17.9477
11/01/2021,19.8691
12/01/2021,19.1172
13/01/2021,18.4331
14/01/2021,19.0854
15/01/2021,20.1134
19/01/2021,19.3286
20/01/2021,18.1671
21/01/2021,18.2299
22/01/2021,18.4655
25/01/2021,19.2822
26/01/2021,19.4067
27/01/2021,28.362
28/01/2021,23.5952
29/01/2021,26.2672
01/02/2021,23.8646
02/02/2021,20.8935
03/02/2021,19.628
04/02/2021,18.784
05/02/2021,18.4083
08/02/2021,18.4145
09/02/2021,18.6327
10/02/2021,18.9755
11/02/2021,18.4835
12/02/2021,17.7068
16/02/2021,18.327
17/02/2021,18.153
18/02/2021,18.7439
19/02/2021,18.5345
22/02/2021,19.5967
23/02/2021,19.264
24/02/2021,18.0933
25/02/2021,22.2787
26/02/2021,21.966
01/03/2021,18.8323
02/03/2021,19.5532
03/03/2021,21.39
04/03/2021,22.5486
05/03/2021,20.1636
08/03/2021,20.6605
09/03/2021,20.0362
10/03/2021,19.1253
11/03/2021,18.5653
12/03/2021,18.1074
15/03/2021,17.2331
16/03/2021,17.2043
17/03/2021,16.555
18/03/2021,17.9052
19/03/2021,17.5702
22/03/2021,15.8674
23/03/2021,16.7117
24/03/2021,17.2171
25/03/2021,16.4552
26/03/2021,15.4137
29/03/2021,16.2429
30/03/2021,15.8437
31/03/2021,15.8521
01/04/2021,14.4067
05/04/2021,14.4328
06/04/2021,14.6454
07/04/2021,14.2146
08/04/2021,14.2461
09/04/2021,14.2794
12/04/2021,14.54
13/04/2021,14.4021
14/04/2021,14.6205
15/04/2021,14.2353
16/04/2021,14.1243
19/04/2021,15.0508
20/04/2021,16.0653
21/04/2021,15.0007
22/04/2021,16.1095
23/04/2021,15.1668
26/04/2021,15.1511
27/04/2021,14.9948
28/04/2021,14.7641
29/04/2021,14.8201
30/04/2021,15.5383
03/05/2021,15.2951
04/05/2021,16.3386
05/05/2021,15.9645
06/05/2021,15.3373
07/05/2021,14.3276
10/05/2021,16.0405
11/05/2021,17.5002
12/05/2021,21.3421
13/05/2021,18.56
14/05/2021,15.6091
17/05/2021,16.2021
18/05/2021,17.3685
19/05/2021,18.0498
20/05/2021,16.6285
21/05/2021,16.3826
24/05/2021,15.3006
25/05/2021,15.5325
26/05/2021,14.5768
27/05/2021,13.8067
28/05/2021,13.8167
01/06/2021,14.5337
02/06/2021,14.3677
03/06/2021,14.8635
04/06/2021,13.7869
07/06/2021,13.7145
08/06/2021,14.0069
09/06/2021,14.3846
10/06/2021,13.219
11/06/2021,12.8161
14/06/2021,13.2226
15/06/2021,13.5374
16/06/2021,14.2477
17/06/2021,14.0217
18/06/2021,16.1802
21/06/2021,14.2596
22/06/2021,13.111
23/06/2021,12.9946
24/06/2021,12.6153
25/06/2021,12.3165
28/06/2021,12.4282
29/06/2021,12.6479
30/06/2021,12.7306
01/07/2021,12.6177
02/07/2021,12.4621
06/07/2021,13.2755
07/07/2021,13.4413
08/07/2021,14.9593
09/07/2021,13.2504
12/07/2021,13.2858
13/07/2021,13.9732
14/07/2021,13.7534
15/07/2021,14.1577
16/07/2021,15.2176
19/07/2021,17.7014
20/07/2021,15.6765
21/07/2021,14.5253
22/07/2021,14.5293
23/07/2021,14.0503
26/07/2021,14.2644
27/07/2021,15.2931
28/07/2021,14.7455
29/07/2021,14.2988
30/07/2021,14.7057
02/08/2021,15.3562
03/08/2021,14.518
04/08/2021,14.5879
05/08/2021,14.128
06/08/2021,13.5267
09/08/2021,13.8409
10/08/2021,13.8733
11/08/2021,13.5207
12/08/2021,13.1223
13/08/2021,13.0501
16/08/2021,13.5855
17/08/2021,14.5882
18/08/2021,16.8241
19/08/2021,16.6748
20/08/2021,15.0764
23/08/2021,13.9102
24/08/2021,13.8824
25/08/2021,13.5239
26/08/2021,14.677
27/08/2021,13.3205
30/08/2021,13.3274
31/08/2021,13.3558
01/09/2021,13.2092
02/09/2021,13.1914
03/09/2021,13.1095
07/09/2021,14.2617
08/09/2021,14.33
09/09/2021,15.0375
10/09/2021,16.03
13/09/2021,15.3392
14/09/2021,15.7046
15/09/2021,14.7119
16/09/2021,14.8419
17/09/2021,16.3693
20/09/2021,20.0958
21/09/2021,19.4021
22/09/2021,16.8723
23/09/2021,15.0741
24/09/2021,14.5876
27/09/2021,15.0482
28/09/2021,18.3351
29/09/2021,17.9264
30/09/2021,18.8122
01/10/2021,17.3817
04/10/2021,18.9485
05/10/2021,17.702
06/10/2021,17.4054
07/10/2021,16.5725
08/10/2021,16.3866
11/10/2021,17.1813
12/10/2021,16.8176
13/10/2021,16.0916
14/10/2021,14.4617
15/10/2021,14.1331
18/10/2021,14.0977
19/10/2021,13.766
20/10/2021,13.6186
21/10/2021,13.3435
22/10/2021,13.7133
25/10/2021,13.5614
26/10/2021,13.811
27/10/2021,14.6944
28/10/2021,14.0828
29/10/2021,13.9597
01/11/2021,14.0514
02/11/2021,13.7433
03/11/2021,13.1767
04/11/2021,13.2395
05/11/2021,13.7562
08/11/2021,14.0366
09/11/2021,14.5565
10/11/2021,15.1636
11/11/2021,14.9152
12/11/2021,14.0229
15/11/2021,14.2027
16/11/2021,13.992
17/11/2021,14.5228
18/11/2021,14.6238
19/11/2021,14.6362
22/11/2021,15.3992
23/11/2021,15.3984
24/11/2021,14.9682
26/11/2021,21.3911
29/11/2021,17.3931
30/11/2021,20.0619
01/12/2021,22.4717
02/12/2021,20.7423
03/12/2021,22.4446
06/12/2021,20.2514
07/12/2021,17.1628
08/12/2021,16.2616
09/12/2021,17.2258
10/12/2021,15.6665
13/12/2021,17.0715
14/12/2021,18.3519
15/12/2021,16.351
16/12/2021,17.1894
17/12/2021,18.3653
20/12/2021,19.287
21/12/2021,17.8122
22/12/2021,16.1386
23/12/2021,15.5572
27/12/2021,14.7225
28/12/2021,14.3986
29/12/2021,13.9033
30/12/2021,14.0171
31/12/2021,14.0031
03/01/2022,13.7227
04/01/2022,13.9859
05/01/2022,16.1169
06/01/2022,16.3518
07/01/2022,15.9662
10/01/2022,16.1448
11/01/2022,15.4003
12/01/2022,15.0431
13/01/2022,17.3447
14/01/2022,16.5297
18/01/2022,19.3771
19/01/2022,19.9366
20/01/2022,21.2361
21/01/2022,23.6538
24/01/2022,23.9276
25/01/2022,25.1973
26/01/2022,25.1275
27/01/2022,24.5441
28/01/2022,22.1588
31/01/2022,20.2193
01/02/2022,18.451
02/02/2022,18.9243
03/02/2022,20.695
04/02/2022,20.2757
07/02/2022,20.0733
08/02/2022,18.7157
09/02/2022,17.5209
10/02/2022,20.4536
11/02/2022,22.9748
14/02/2022,23.1182
15/02/2022,20.9321
16/02/2022,19.7716
17/02/2022,23.0091
18/02/2022,23.1675
22/02/2022,23.4943
23/02/2022,25.4389
24/02/2022,24.2563
25/02/2022,22.1314
28/02/2022,23.4399
01/03/2022,26.1707
02/03/2022,24.2415
03/03/2022,24.3862
04/03/2022,25.8882
07/03/2022,28.6911
08/03/2022,28.5483
09/03/2022,26.375
10/03/2022,25.393
11/03/2022,26.2012
14/03/2022,27.0832
15/03/2022,25.4174
16/03/2022,22.5419
17/03/2022,21.4916
18/03/2022,19.9224
21/03/2022,19.9108
22/03/2022,18.9606
23/03/2022,19.7677
24/03/2022,18.6171
25/03/2022,17.9474
28/03/2022,17.1172
29/03/2022,16.3752
30/03/2022,17.0248
31/03/2022,17.9157
01/04/2022,17.125
04/04/2022,16.1595
05/04/2022,17.9407
06/04/2022,18.8158
07/04/2022,18.6531
08/04/2022,18.586
11/04/2022,20.64
12/04/2022,20.7614
13/04/2022,18.9869
14/04/2022,20.0953
18/04/2022,20.0485
19/04/2022,19.0594
20/04/2022,18.4603
21/04/2022,20.2932
22/04/2022,24.0784
25/04/2022,23.1645
26/04/2022,26.8701
27/04/2022,25.0285
28/04/2022,24.001
29/04/2022,26.6234
02/05/2022,26.3114
03/05/2022,24.7458
04/05/2022,22.5447
05/05/2022,26.1439
06/05/2022,25.9345
09/05/2022,29.2659
10/05/2022,28.249
11/05/2022,27.8635
12/05/2022,28.0551
13/05/2022,25.7112
16/05/2022,25.1572
17/05/2022,23.8843
18/05/2022,27.1195
19/05/2022,25.6154
20/05/2022,25.6213
23/05/2022,25.5596
24/05/2022,26.1641
25/05/2022,25.6527
26/05/2022,24.6813
27/05/2022,23.2099
31/05/2022,23.4879
01/06/2022,23.5964
02/06/2022,22.6442
03/06/2022,23.0993
06/06/2022,23.116
07/06/2022,22.5419
08/06/2022,22.6933
09/06/2022,24.1996
10/06/2022,25.8922
13/06/2022,29.5789
14/06/2022,28.2504
15/06/2022,26.596
16/06/2022,28.3894
17/06/2022,27.2214
21/06/2022,26.4258
22/06/2022,25.8672
23/06/2022,25.8219
24/06/2022,24.4059
27/06/2022,24.027
28/06/2022,25.1913
29/06/2022,25.226
30/06/2022,25.792
01/07/2022,24.7495
05/07/2022,25.0677
06/07/2022,24.6879
07/07/2022,24.0799
08/07/2022,23.1891
11/07/2022,24.2238
12/07/2022,24.6471
13/07/2022,24.6122
14/07/2022,24.4559
15/07/2022,22.7611
18/07/2022,23.533
19/07/2022,22.6885
20/07/2022,22.6219
21/07/2022,21.6883
22/07/2022,21.5874
25/07/2022,21.8636
26/07/2022,22.3177
27/07/2022,21.2162
28/07/2022,20.045
29/07/2022,19.8446
01/08/2022,21.0156
02/08/2022,21.9436
03/08/2022,20.6151
04/08/2022,20.5263
05/08/2022,20.3049
08/08/2022,20.509
09/08/2022,20.9056
10/08/2022,19.3999
11/08/2022,19.4688
12/08/2022,18.8292
15/08/2022,19.2166
16/08/2022,19.1045
17/08/2022,19.4085
18/08/2022,19.022
19/08/2022,20.0923
22/08/2022,21.9597
23/08/2022,22.109
24/08/2022,20.9099
25/08/2022,20.2108
26/08/2022,22.8361
29/08/2022,22.8691
30/08/2022,23.3574
31/08/2022,22.8647
01/09/2022,22.6894
02/09/2022,22.9439
06/09/2022,24.0106
07/09/2022,22.4849
08/09/2022,22.0524
09/09/2022,21.3283
12/09/2022,21.845
13/09/2022,24.2582
14/09/2022,23.6666
15/09/2022,24.6254
16/09/2022,24.5145
19/09/2022,24.0292
20/09/2022,25.076
21/09/2022,25.9377
22/09/2022,25.2173
23/09/2022,26.5645
26/09/2022,28.1553
27/09/2022,27.7551
28/09/2022,26.6653
29/09/2022,27.2182
30/09/2022,27.1458
03/10/2022,26.04
04/10/2022,25.0409
05/10/2022,25.2775
06/10/2022,26.305
07/10/2022,27.2086
10/10/2022,28.3644
11/10/2022,28.8724
12/10/2022,28.8561
13/10/2022,28.1341
14/10/2022,28.3777
17/10/2022,27.9954
18/10/2022,27.0285
19/10/2022,27.4194
20/10/2022,27.5182
21/10/2022,27.2495
24/10/2022,27.0147
25/10/2022,26.2311
26/10/2022,25.347
27/10/2022,25.8843
28/10/2022,24.4188
31/10/2022,24.3227
01/11/2022,24.3881
02/11/2022,24.8356
03/11/2022,24.8004
04/11/2022,23.7909
07/11/2022,23.5377
08/11/2022,24.1293
09/11/2022,24.9991
10/11/2022,23.2097
11/11/2022,21.9776
14/11/2022,22.2004
15/11/2022,22.2694
16/11/2022,21.928
17/11/2022,21.9888
18/11/2022,21.6905
21/11/2022,21.102
22/11/2022,20.3363
23/11/2022,19.7169
25/11/2022,19.3565
28/11/2022,21.0415
29/11/2022,21.2705
30/11/2022,20.0007
01/12/2022,19.4435
02/12/2022,19.2781
05/12/2022,20.5989
06/12/2022,21.627
07/12/2022,22.6342
08/12/2022,22.0024
09/12/2022,22.5929
12/12/2022,22.7578
13/12/2022,21.2436
14/12/2022,20.4886
15/12/2022,21.9026
16/12/2022,22.2724
19/12/2022,22.2081
20/12/2022,21.6328
21/12/2022,20.7065
22/12/2022,21.9371
23/12/2022,21.276
27/12/2022,21.7041
28/12/2022,22.0171
29/12/2022,21.2283
30/12/2022,21.2108
03/01/2023,21.8802
04/01/2023,20.9856
05/01/2023,21.2232
06/01/2023,20.1101
09/01/2023,20.9656
10/01/2023,19.7511
11/01/2023,19.9076
12/01/2023,18.344
13/01/2023,17.6754
17/01/2023,17.9945
18/01/2023,18.9472
19/01/2023,19.2945
20/01/2023,18.6182
23/01/2023,18.2793
24/01/2023,17.7273
25/01/2023,17.767
26/01/2023,17.4167
27/01/2023,17.0783
30/01/2023,18.2401
31/01/2023,17.636
01/02/2023,16.8145
02/02/2023,17.1221
03/02/2023,17.1702
06/02/2023,18.0602
07/02/2023,17.4549
08/02/2023,18.4398
09/02/2023,19.4056
10/02/2023,19.3784
13/02/2023,18.4029
14/02/2023,17.7145
15/02/2023,17.2651
16/02/2023,18.1144
17/02/2023,18.1302
21/02/2023,20.0923
22/02/2023,19.3829
23/02/2023,18.7966
24/02/2023,19.556
27/02/2023,19.0237
28/02/2023,18.7338
01/03/2023,19.0862
02/03/2023,18.6659
03/03/2023,17.5836
06/03/2023,17.9863
07/03/2023,18.5718
08/03/2023,18.2588
09/03/2023,20.5561
10/03/2023,21.8032
13/03/2023,22.8529
14/03/2023,20.9221
15/03/2023,22.334
16/03/2023,20.2276
17/03/2023,22.527
20/03/2023,21.3584
21/03/2023,19.5879
22/03/2023,20.5422
23/03/2023,20.7834
24/03/2023,20.1939
27/03/2023,19.2529
28/03/2023,18.772
29/03/2023,17.9415
30/03/2023,17.6574
31/03/2023,17.3127
03/04/2023,16.7388
04/04/2023,17.2953
05/04/2023,17.5604
06/04/2023,16.9905
10/04/2023,17.1641
11/04/2023,17.2237
12/04/2023,17.2676
13/04/2023,16.2769
14/04/2023,15.7656
17/04/2023,15.3909
18/04/2023,15.1478
19/04/2023,15.1516
20/04/2023,15.7275
21/04/2023,15.5093
24/04/2023,15.6361
25/04/2023,17.1806
26/04/2023,17.3323
27/04/2023,15.4181
28/04/2023,14.5024
01/05/2023,14.8712
02/05/2023,16.1469
03/05/2023,16.8516
04/05/2023,18.2237
05/05/2023,16.1174
08/05/2023,15.834
09/05/2023,16.29
10/05/2023,15.7147
11/05/2023,15.6421
12/05/2023,15.5536
15/05/2023,14.9359
16/05/2023,15.8223
17/05/2023,14.6076
18/05/2023,13.6944
19/05/2023,14.6201
22/05/2023,14.6891
23/05/2023,15.5909
24/05/2023,16.679
25/05/2023,15.8733
26/05/2023,15.0019
30/05/2023,14.569
31/05/2023,15.1905
01/06/2023,13.7751
02/06/2023,12.6596
05/06/2023,13.2828
06/06/2023,12.4497
07/06/2023,12.3726
08/06/2023,12.2726
09/06/2023,12.3324
12/06/2023,12.7189
13/06/2023,12.4522
14/06/2023,12.3404
15/06/2023,12.7755
16/06/2023,12.4544
20/06/2023,13.0444
21/06/2023,12.7141
22/06/2023,12.5311
23/06/2023,12.6164
26/06/2023,12.7208
27/06/2023,12.1547
28/06/2023,11.8106
29/06/2023,12.0145
30/06/2023,11.6622
03/07/2023,11.8963
05/07/2023,12.3805
06/07/2023,13.3202
07/07/2023,12.9941
10/07/2023,12.8264
11/07/2023,12.5285
12/07/2023,11.7762
13/07/2023,11.7196
14/07/2023,11.7053
17/07/2023,11.7494
18/07/2023,11.7788
19/07/2023,12.1855
20/07/2023,12.1799
21/07/2023,12.1052
24/07/2023,11.7707
25/07/2023,12.0338
26/07/2023,11.6419
27/07/2023,12.4241
28/07/2023,11.902
31/07/2023,12.0548
01/08/2023,12.1365
02/08/2023,13.7411
03/08/2023,13.7446
04/08/2023,14.4435
07/08/2023,13.5114
08/08/2023,13.741
09/08/2023,13.9048
10/08/2023,13.9803
11/08/2023,13.588
14/08/2023,13.4046
15/08/2023,14.316
16/08/2023,15.031
17/08/2023,15.7867
18/08/2023,15.3073
21/08/2023,14.7963
22/08/2023,14.7771
23/08/2023,14.2268
24/08/2023,15.0873
25/08/2023,14.0382
28/08/2023,13.3956
29/08/2023,12.8183
30/08/2023,12.4842
31/08/2023,12.4049
01/09/2023,12.2712
05/09/2023,12.5753
06/09/2023,13.0144
07/09/2023,13.15
08/09/2023,12.7692
11/09/2023,12.3558
12/09/2023,12.5155
13/09/2023,12.0663
14/09/2023,11.4906
15/09/2023,12.38
18/09/2023,12.4776
19/09/2023,12.4263
20/09/2023,13.3764
21/09/2023,14.8502
22/09/2023,15.0683
25/09/2023,14.7219
26/09/2023,16.2132
27/09/2023,15.8634
28/09/2023,15.3193
29/09/2023,15.5895
02/10/2023,15.3478
03/10/2023,17.1656
04/10/2023,16.337
05/10/2023,16.3391
06/10/2023,15.7635
09/10/2023,15.5126
10/10/2023,14.7601
11/10/2023,14.3344
12/10/2023,14.763
13/10/2023,16.3773
16/10/2023,14.8089
17/10/2023,15.2045
18/10/2023,16.6234
19/10/2023,17.8211
20/10/2023,18.4116
23/10/2023,17.47
24/10/2023,16.5778
25/10/2023,17.8641
26/10/2023,18.4535
27/10/2023,18.9394
30/10/2023,17.7255
31/10/2023,16.4053
01/11/2023,15.5926
02/11/2023,14.5192
03/11/2023,13.8948
06/11/2023,13.6784
07/11/2023,13.3533
08/11/2023,13.3828
09/11/2023,14.0182
10/11/2023,13.0531
13/11/2023,13.2175
14/11/2023,12.4811
15/11/2023,12.6328
16/11/2023,12.1873
17/11/2023,12.1943
20/11/2023,12.0626
21/11/2023,12.032
22/11/2023,11.7417
24/11/2023,11.2975
27/11/2023,11.7535
28/11/2023,11.7879
29/11/2023,12.0484
30/11/2023,11.9038
01/12/2023,11.9623
04/12/2023,12.3218
05/12/2023,12.232
06/12/2023,12.8515
07/12/2023,12.692
08/12/2023,12.2822
11/12/2023,12.1229
12/12/2023,11.718
13/12/2023,11.394
14/12/2023,11.3297
15/12/2023,11.7722
18/12/2023,11.875
19/12/2023,12.2505
20/12/2023,12.7664
21/12/2023,12.8621
22/12/2023,12.7291
26/12/2023,12.4668
27/12/2023,11.9421
28/12/2023,12.0681
29/12/2023,12.0894
