Date,putcall_ratio
01/01/2003,0.9742
02/01/2003,1.1425
03/01/2003,1.3213
06/01/2003,1.3528
07/01/2003,1.0589
08/01/2003,1.2339
09/01/2003,1.6544
10/01/2003,0.8257
13/01/2003,1.0433
14/01/2003,0.9124
15/01/2003,1.1029
16/01/2003,1.0718
17/01/2003,1.2965
20/01/2003,1.3386
21/01/2003,1.3386
22/01/2003,1.2115
23/01/2003,1.3401
24/01/2003,1.0305
27/01/2003,1.1048
28/01/2003,2.0619
29/01/2003,1.2851
30/01/2003,1.2363
31/01/2003,1.0477
03/02/2003,1.466
04/02/2003,1.5873
05/02/2003,0.9814
06/02/2003,1.5046
07/02/2003,1.3846
10/02/2003,2.1108
11/02/2003,1.5596
12/02/2003,1.4059
13/02/2003,1.3116
14/02/2003,1.8075
17/02/2003,1.5141
18/02/2003,1.5141
19/02/2003,0.9688
20/02/2003,0.9834
21/02/2003,0.8615
24/02/2003,1.1324
25/02/2003,0.9297
26/02/2003,1.4319
27/02/2003,1.671
28/02/2003,1.0501
03/03/2003,0.7731
04/03/2003,1.227
05/03/2003,1.311
06/03/2003,0.9551
07/03/2003,0.8829
10/03/2003,1.0192
11/03/2003,0.9546
12/03/2003,0.8643
13/03/2003,1.4267
14/03/2003,1.1036
17/03/2003,1.0873
18/03/2003,0.7971
19/03/2003,0.7903
20/03/2003,1.2442
21/03/2003,0.5704
24/03/2003,2.036
25/03/2003,1.0779
26/03/2003,1.6666
27/03/2003,1.0497
28/03/2003,1.2394
31/03/2003,1.0249
01/04/2003,0.8952
02/04/2003,0.9243
03/04/2003,1.2649
04/04/2003,1.3828
07/04/2003,0.9336
08/04/2003,0.8075
09/04/2003,0.8969
10/04/2003,1.1546
11/04/2003,0.9374
14/04/2003,0.9769
15/04/2003,1.2276
16/04/2003,1.2893
17/04/2003,0.9051
18/04/2003,2.2795
21/04/2003,2.2795
22/04/2003,1.3353
23/04/2003,1.1087
24/04/2003,1.1106
25/04/2003,1.8637
28/04/2003,1.1966
29/04/2003,1.9894
30/04/2003,1.2907
01/05/2003,0.7431
02/05/2003,1.3547
05/05/2003,2.266
06/05/2003,1.158
07/05/2003,1.3253
08/05/2003,1.4605
09/05/2003,1.9251
12/05/2003,1.2402
13/05/2003,0.962
14/05/2003,0.8997
15/05/2003,1.3459
16/05/2003,1.1033
19/05/2003,3.2883
20/05/2003,1.6489
21/05/2003,2.3269
22/05/2003,2.0253
23/05/2003,4.4655
26/05/2003,0.9936
27/05/2003,0.9936
28/05/2003,1.719
29/05/2003,1.6208
30/05/2003,1.8261
02/06/2003,1.4796
03/06/2003,1.6054
04/06/2003,1.5962
05/06/2003,0.9431
06/06/2003,1.7255
09/06/2003,0.8933
10/06/2003,1.5181
11/06/2003,2.3217
12/06/2003,1.4608
13/06/2003,1.2433
16/06/2003,1.3974
17/06/2003,1.9719
18/06/2003,1.0171
19/06/2003,1.1833
20/06/2003,1.3506
23/06/2003,1.2972
24/06/2003,1.4081
25/06/2003,1.2184
26/06/2003,1.4954
27/06/2003,2.2456
30/06/2003,2.3099
01/07/2003,1.4732
02/07/2003,1.2613
03/07/2003,1.6522
04/07/2003,1.7682
07/07/2003,1.7682
08/07/2003,1.1088
09/07/2003,2.161
10/07/2003,1.3186
11/07/2003,1.1382
14/07/2003,1.6154
15/07/2003,1.5178
16/07/2003,1.5217
17/07/2003,1.1995
18/07/2003,1.149
21/07/2003,0.966
22/07/2003,1.47
23/07/2003,1.1293
24/07/2003,1.8424
25/07/2003,1.4307
28/07/2003,1.0678
29/07/2003,1.4513
30/07/2003,1.9062
31/07/2003,1.8312
01/08/2003,0.9218
04/08/2003,1.7348
05/08/2003,1.4417
06/08/2003,1.8199
07/08/2003,1.9183
08/08/2003,1.8691
11/08/2003,1.0578
12/08/2003,1.3345
13/08/2003,1.2447
14/08/2003,1.6195
15/08/2003,1.7069
18/08/2003,1.0183
19/08/2003,1.9647
20/08/2003,2.4138
21/08/2003,1.7439
22/08/2003,2.5251
25/08/2003,2.0584
26/08/2003,2.7806
27/08/2003,1.2734
28/08/2003,2.3181
29/08/2003,1.9929
01/09/2003,2.6324
02/09/2003,2.6324
03/09/2003,2.3681
04/09/2003,1.2236
05/09/2003,1.3372
08/09/2003,2.2696
09/09/2003,1.2495
10/09/2003,1.7596
11/09/2003,2.0838
12/09/2003,1.406
15/09/2003,1.5256
16/09/2003,1.1519
17/09/2003,1.2174
18/09/2003,1.7442
19/09/2003,0.6098
22/09/2003,2.7337
23/09/2003,1.3711
24/09/2003,1.6678
25/09/2003,1.5403
26/09/2003,2.1082
29/09/2003,1.1899
30/09/2003,2.22
01/10/2003,1.6131
02/10/2003,1.5797
03/10/2003,1.7832
06/10/2003,1.5042
07/10/2003,1.6889
08/10/2003,2.0343
09/10/2003,2.0473
10/10/2003,1.6079
13/10/2003,2.8378
14/10/2003,1.6987
15/10/2003,1.4748
16/10/2003,0.8167
17/10/2003,1.3557
20/10/2003,2.6443
21/10/2003,1.563
22/10/2003,1.2629
23/10/2003,2.2057
24/10/2003,1.3951
27/10/2003,1.6689
28/10/2003,2.0085
29/10/2003,0.9215
30/10/2003,1.0671
31/10/2003,2.0105
03/11/2003,1.3424
04/11/2003,1.0809
05/11/2003,1.4215
06/11/2003,2.0546
07/11/2003,1.2977
10/11/2003,2.2892
11/11/2003,2.0057
12/11/2003,2.556
13/11/2003,1.3962
14/11/2003,1.3197
17/11/2003,1.6878
18/11/2003,1.9368
19/11/2003,1.6459
20/11/2003,1.1447
21/11/2003,1.8884
24/11/2003,1.6956
25/11/2003,2.0831
26/11/2003,1.7901
28/11/2003,1.613
01/12/2003,0.7244
02/12/2003,1.4888
03/12/2003,1.8111
04/12/2003,2.1095
05/12/2003,2.1771
08/12/2003,2.0477
09/12/2003,1.2685
10/12/2003,1.1842
11/12/2003,1.4746
12/12/2003,1.0367
15/12/2003,0.9746
16/12/2003,1.5127
17/12/2003,1.4982
18/12/2003,1.3474
19/12/2003,0.986
22/12/2003,1.6875
23/12/2003,5.9403
24/12/2003,3.1539
25/12/2003,3.1539
26/12/2003,3.1539
29/12/2003,3.7519
30/12/2003,0.9623
31/12/2003,1.9039
01/01/2004,1.9039
02/01/2004,2.6736
05/01/2004,2.2475
06/01/2004,1.3909
07/01/2004,1.4756
08/01/2004,1.4942
09/01/2004,1.0918
12/01/2004,2.2846
13/01/2004,2.3113
14/01/2004,1.3187
15/01/2004,1.4433
16/01/2004,0.9311
19/01/2004,2.1339
20/01/2004,2.1339
21/01/2004,1.2708
22/01/2004,1.7739
23/01/2004,2.6265
26/01/2004,2.1803
27/01/2004,0.9484
28/01/2004,2.3562
29/01/2004,2.8675
30/01/2004,1.6784
02/02/2004,1.4302
03/02/2004,1.927
04/02/2004,1.7732
05/02/2004,2.2658
06/02/2004,2.13
09/02/2004,2.196
10/02/2004,1.7698
11/02/2004,1.2743
12/02/2004,1.1538
13/02/2004,2.3795
16/02/2004,1.7419
17/02/2004,1.7419
18/02/2004,1.5479
19/02/2004,1.2634
20/02/2004,1.0668
23/02/2004,2.8942
24/02/2004,1.6733
25/02/2004,1.437
26/02/2004,2.8367
27/02/2004,2.6088
01/03/2004,2.0332
02/03/2004,1.3139
03/03/2004,1.9266
04/03/2004,0.9919
05/03/2004,1.3991
08/03/2004,1.7406
09/03/2004,2.3384
10/03/2004,1.3331
11/03/2004,1.3686
12/03/2004,1.8646
15/03/2004,2.792
16/03/2004,2.1962
17/03/2004,1.6554
18/03/2004,1.4705
19/03/2004,1.4705
22/03/2004,2.6367
23/03/2004,1.9799
25/03/2004,1.576
26/03/2004,1.604
29/03/2004,2.4423
30/03/2004,2.2517
31/03/2004,1.4666
01/04/2004,1.4666
02/04/2004,2.0008
05/04/2004,1.6925
06/04/2004,1.8684
07/04/2004,2.4746
08/04/2004,2.4326
09/04/2004,2.5764
12/04/2004,2.5764
13/04/2004,2.162
14/04/2004,1.6959
15/04/2004,1.9046
16/04/2004,1.4689
19/04/2004,1.917
20/04/2004,1.2157
21/04/2004,1.9216
22/04/2004,1.2513
23/04/2004,1.151
26/04/2004,1.6133
27/04/2004,2.262
28/04/2004,2.2381
29/04/2004,3.3894
30/04/2004,1.8005
03/05/2004,1.2746
04/05/2004,1.5938
05/05/2004,2.7817
06/05/2004,2.7494
07/05/2004,2.93
10/05/2004,2.1367
11/05/2004,2.7749
12/05/2004,1.9126
13/05/2004,2.2944
14/05/2004,2.8507
17/05/2004,1.8516
18/05/2004,2.3553
19/05/2004,2.7487
20/05/2004,1.553
21/05/2004,2.2069
24/05/2004,4.9317
25/05/2004,1.7902
26/05/2004,1.5669
27/05/2004,2.5014
28/05/2004,3.0288
31/05/2004,4.3763
01/06/2004,4.3763
02/06/2004,2.0556
03/06/2004,1.8884
04/06/2004,1.5509
07/06/2004,1.6363
08/06/2004,1.2862
09/06/2004,1.6261
10/06/2004,1.83
11/06/2004,1.8788
14/06/2004,1.8788
15/06/2004,2.0995
16/06/2004,1.0929
17/06/2004,1.4382
18/06/2004,1.7207
21/06/2004,4.8783
22/06/2004,4.1073
23/06/2004,1.7486
24/06/2004,1.6943
25/06/2004,2.3096
28/06/2004,1.7146
29/06/2004,1.9544
30/06/2004,1.2028
01/07/2004,1.1899
02/07/2004,2.5867
05/07/2004,1.8092
06/07/2004,1.8092
07/07/2004,1.807
08/07/2004,2.0662
09/07/2004,1.8786
12/07/2004,1.4028
13/07/2004,1.7718
14/07/2004,1.5241
15/07/2004,2.0046
16/07/2004,1.7843
19/07/2004,3.0962
20/07/2004,1.4027
21/07/2004,1.0006
22/07/2004,1.719
23/07/2004,1.45
26/07/2004,1.9012
27/07/2004,2.0246
28/07/2004,1.4196
29/07/2004,1.6771
30/07/2004,0.9092
02/08/2004,2.1887
03/08/2004,1.5123
04/08/2004,2.3482
05/08/2004,2.2159
06/08/2004,2.2825
09/08/2004,2.1866
10/08/2004,1.5666
11/08/2004,1.1554
12/08/2004,2.0803
13/08/2004,1.9638
16/08/2004,1.8407
17/08/2004,1.7219
18/08/2004,1.7301
19/08/2004,1.2797
20/08/2004,1.6598
23/08/2004,2.6263
24/08/2004,1.5271
25/08/2004,2.3733
26/08/2004,2.4042
27/08/2004,1.8432
30/08/2004,2.7048
31/08/2004,2.2113
01/09/2004,1.464
02/09/2004,3.1099
03/09/2004,1.5924
06/09/2004,1.5342
07/09/2004,1.5342
08/09/2004,1.1883
09/09/2004,3.0169
10/09/2004,1.6488
13/09/2004,1.4988
14/09/2004,1.3025
15/09/2004,1.4316
16/09/2004,3.298
17/09/2004,1.436
20/09/2004,1.9158
21/09/2004,3.5722
22/09/2004,0.9297
23/09/2004,1.6919
24/09/2004,1.6919
27/09/2004,1.5757
28/09/2004,1.4363
29/09/2004,1.2677
30/09/2004,1.5888
01/10/2004,2.1525
04/10/2004,1.4532
05/10/2004,2.3754
06/10/2004,2.9982
07/10/2004,1.9761
08/10/2004,1.6831
11/10/2004,1.4258
12/10/2004,1.5741
13/10/2004,1.2673
14/10/2004,2.842
15/10/2004,1.7339
18/10/2004,1.3633
19/10/2004,1.675
20/10/2004,1.9334
21/10/2004,1.2836
22/10/2004,2.0539
25/10/2004,2.5933
26/10/2004,1.5669
27/10/2004,1.7298
28/10/2004,1.571
29/10/2004,1.4244
01/11/2004,1.8154
02/11/2004,2.0873
03/11/2004,2.1326
04/11/2004,1.5607
05/11/2004,1.3666
08/11/2004,1.5941
09/11/2004,1.0176
10/11/2004,2.1508
11/11/2004,1.2896
12/11/2004,1.1017
15/11/2004,0.9821
16/11/2004,1.1948
17/11/2004,1.1179
18/11/2004,1.1589
19/11/2004,1.2833
22/11/2004,3.8303
23/11/2004,2.0631
24/11/2004,2.1309
26/11/2004,1.9349
29/11/2004,1.8268
30/11/2004,2.0513
01/12/2004,1.4578
02/12/2004,1.6712
03/12/2004,1.8386
06/12/2004,1.6027
07/12/2004,1.3275
08/12/2004,1.6536
09/12/2004,1.9786
10/12/2004,1.0056
13/12/2004,1.2848
14/12/2004,1.5193
15/12/2004,1.1764
16/12/2004,1.6381
17/12/2004,1.3627
20/12/2004,2.7179
21/12/2004,2.8528
22/12/2004,2.8246
23/12/2004,3.4067
24/12/2004,5.0068
27/12/2004,5.0068
28/12/2004,1.418
29/12/2004,1.9283
30/12/2004,5.0207
31/12/2004,2.1276
03/01/2005,2.5506
04/01/2005,2.1629
05/01/2005,1.3774
06/01/2005,1.2098
07/01/2005,1.2533
10/01/2005,1.5703
11/01/2005,1.5807
12/01/2005,1.855
13/01/2005,1.8247
14/01/2005,2.8214
17/01/2005,1.9371
18/01/2005,1.9371
19/01/2005,1.9994
20/01/2005,1.5926
21/01/2005,1.5549
24/01/2005,2.7287
25/01/2005,2.8521
26/01/2005,3.0085
27/01/2005,3.305
28/01/2005,2.0138
31/01/2005,1.4846
01/02/2005,1.7103
02/02/2005,1.9353
03/02/2005,2.2573
04/02/2005,1.7574
07/02/2005,1.8212
08/02/2005,2.5783
09/02/2005,2.6599
10/02/2005,1.4651
11/02/2005,3.2715
14/02/2005,1.2644
15/02/2005,2.1065
16/02/2005,1.9169
17/02/2005,1.3152
18/02/2005,1.0679
21/02/2005,1.7698
22/02/2005,1.7698
23/02/2005,1.461
24/02/2005,2.8921
25/02/2005,2.5631
28/02/2005,1.1974
01/03/2005,1.7199
02/03/2005,2.6475
03/03/2005,1.8347
04/03/2005,1.7661
07/03/2005,1.4436
08/03/2005,2.0257
09/03/2005,1.2478
10/03/2005,1.7213
11/03/2005,2.3854
14/03/2005,1.6195
15/03/2005,1.8282
16/03/2005,1.2751
17/03/2005,1.8034
18/03/2005,1.9322
21/03/2005,3.3611
22/03/2005,1.188
23/03/2005,2.0282
24/03/2005,1.9768
25/03/2005,2.6429
28/03/2005,2.6429
29/03/2005,1.4813
30/03/2005,2.4918
31/03/2005,1.3473
01/04/2005,1.3912
04/04/2005,1.9988
05/04/2005,1.7599
06/04/2005,1.1896
07/04/2005,1.3476
08/04/2005,1.2792
11/04/2005,2.3238
12/04/2005,2.1113
13/04/2005,1.9293
14/04/2005,1.9785
15/04/2005,2.3696
18/04/2005,2.3318
19/04/2005,2.7004
20/04/2005,2.5057
21/04/2005,2.4017
22/04/2005,1.2585
25/04/2005,2.0761
26/04/2005,1.6835
27/04/2005,1.5838
28/04/2005,1.5838
29/04/2005,2.3352
02/05/2005,1.8641
03/05/2005,0.9637
04/05/2005,1.9761
05/05/2005,1.0969
06/05/2005,2.0336
09/05/2005,2.0883
10/05/2005,1.7573
11/05/2005,2.2751
12/05/2005,1.5457
13/05/2005,1.3927
16/05/2005,2.0162
17/05/2005,1.2006
18/05/2005,2.5477
19/05/2005,1.4893
20/05/2005,1.0939
23/05/2005,2.8554
24/05/2005,2.4391
25/05/2005,1.214
26/05/2005,2.8847
27/05/2005,1.6741
31/05/2005,1.5353
01/06/2005,2.8819
02/06/2005,1.0058
03/06/2005,1.662
06/06/2005,1.4695
07/06/2005,1.8524
08/06/2005,1.2948
09/06/2005,1.7566
10/06/2005,2.156
13/06/2005,1.1454
14/06/2005,1.9203
15/06/2005,1.4778
16/06/2005,2.6118
17/06/2005,1.1151
20/06/2005,2.1347
21/06/2005,2.4896
22/06/2005,3.7121
23/06/2005,3.9082
24/06/2005,2.6207
27/06/2005,1.9739
28/06/2005,1.9351
29/06/2005,2.3188
30/06/2005,1.7404
01/07/2005,2.089
04/07/2005,1.6015
05/07/2005,1.6015
06/07/2005,0.9613
07/07/2005,1.9607
08/07/2005,1.75
11/07/2005,1.637
12/07/2005,1.6152
13/07/2005,1.3505
14/07/2005,1.3691
15/07/2005,1.323
18/07/2005,0.9931
19/07/2005,3.6481
20/07/2005,1.5721
21/07/2005,1.9402
22/07/2005,2.9641
25/07/2005,2.9556
26/07/2005,2.3389
27/07/2005,1.3942
28/07/2005,1.9247
29/07/2005,1.5958
01/08/2005,1.2188
02/08/2005,1.4394
03/08/2005,2.0278
04/08/2005,1.6142
05/08/2005,1.4298
08/08/2005,1.9084
09/08/2005,1.8569
10/08/2005,2.3903
11/08/2005,1.399
12/08/2005,2.3491
15/08/2005,3.6561
16/08/2005,1.1538
17/08/2005,1.3961
18/08/2005,1.8262
19/08/2005,2.56
22/08/2005,1.7835
23/08/2005,1.3514
24/08/2005,2.1157
25/08/2005,1.803
26/08/2005,2.8777
29/08/2005,1.8501
30/08/2005,1.2845
31/08/2005,1.8802
01/09/2005,1.5913
02/09/2005,1.8651
05/09/2005,3.0779
06/09/2005,3.0779
07/09/2005,1.3764
08/09/2005,2.0263
09/09/2005,2.9691
12/09/2005,1.0782
13/09/2005,1.3126
14/09/2005,2.0458
15/09/2005,1.2303
16/09/2005,1.8546
19/09/2005,1.0489
20/09/2005,2.2793
21/09/2005,3.8669
22/09/2005,2.5525
23/09/2005,2.0313
26/09/2005,1.6178
27/09/2005,1.6244
28/09/2005,1.5058
29/09/2005,0.9936
30/09/2005,1.0439
03/10/2005,1.639
04/10/2005,2.1032
05/10/2005,1.645
06/10/2005,1.5918
07/10/2005,2.1451
10/10/2005,2.2222
11/10/2005,1.8609
12/10/2005,2.5696
13/10/2005,1.2646
14/10/2005,2.2854
17/10/2005,1.8369
18/10/2005,1.8557
19/10/2005,1.4252
20/10/2005,1.6139
21/10/2005,1.5076
24/10/2005,1.4264
25/10/2005,1.3125
26/10/2005,2.2671
27/10/2005,1.6432
28/10/2005,2.7496
31/10/2005,1.4631
01/11/2005,2.096
02/11/2005,2.067
03/11/2005,2.0769
04/11/2005,2.6904
07/11/2005,2.0791
08/11/2005,1.8117
09/11/2005,1.9018
10/11/2005,1.8725
11/11/2005,0.9181
14/11/2005,1.7764
15/11/2005,1.5786
16/11/2005,0.9913
17/11/2005,1.3655
18/11/2005,0.9399
21/11/2005,0.8135
22/11/2005,0.9877
23/11/2005,2.827
25/11/2005,1.2743
28/11/2005,1.6012
29/11/2005,3.0471
30/11/2005,3.2953
01/12/2005,2.0732
02/12/2005,1.5065
05/12/2005,1.5391
06/12/2005,1.2671
07/12/2005,1.5613
08/12/2005,1.5508
09/12/2005,1.4335
12/12/2005,2.1759
13/12/2005,1.1791
14/12/2005,1.2297
15/12/2005,0.9721
16/12/2005,0.9092
19/12/2005,1.5178
20/12/2005,2.1318
21/12/2005,2.5814
22/12/2005,1.3076
23/12/2005,2.3675
26/12/2005,1.4609
27/12/2005,1.4609
28/12/2005,1.3694
29/12/2005,2.0445
30/12/2005,1.6175
02/01/2006,1.6175
03/01/2006,1.3321
04/01/2006,1.5954
05/01/2006,1.3622
06/01/2006,1.2905
09/01/2006,1.2664
10/01/2006,1.3936
11/01/2006,1.3018
12/01/2006,1.4457
13/01/2006,1.4748
16/01/2006,2.0249
17/01/2006,2.0249
18/01/2006,1.521
19/01/2006,1.5019
20/01/2006,1.3051
23/01/2006,1.9883
24/01/2006,1.7118
25/01/2006,2.2557
26/01/2006,1.415
27/01/2006,1.3951
30/01/2006,0.8541
31/01/2006,1.9628
01/02/2006,2.7103
02/02/2006,2.2287
03/02/2006,1.3931
06/02/2006,2.934
07/02/2006,1.3481
08/02/2006,1.3012
09/02/2006,1.3319
10/02/2006,1.3161
13/02/2006,1.9592
14/02/2006,1.6788
15/02/2006,1.1182
16/02/2006,1.285
17/02/2006,0.8907
20/02/2006,1.2727
21/02/2006,1.2727
22/02/2006,2.697
23/02/2006,1.2313
24/02/2006,2.1902
27/02/2006,2.2799
28/02/2006,1.7604
01/03/2006,2.0397
02/03/2006,1.3589
03/03/2006,2.1621
06/03/2006,1.4457
07/03/2006,1.3137
08/03/2006,1.3137
09/03/2006,2.8199
10/03/2006,1.8503
13/03/2006,1.4781
14/03/2006,1.4406
15/03/2006,0.8445
16/03/2006,1.0148
17/03/2006,1.1013
20/03/2006,1.0724
21/03/2006,3.5759
22/03/2006,2.6424
23/03/2006,2.567
24/03/2006,1.1994
27/03/2006,1.6621
28/03/2006,2.8247
29/03/2006,2.1071
30/03/2006,1.7417
31/03/2006,1.8435
03/04/2006,2.6346
04/04/2006,1.2275
05/04/2006,1.1579
06/04/2006,1.7594
07/04/2006,1.2385
10/04/2006,1.8353
11/04/2006,2.0735
12/04/2006,1.5701
13/04/2006,1.6391
17/04/2006,1.1842
18/04/2006,1.335
19/04/2006,1.105
20/04/2006,1.1655
21/04/2006,0.8825
24/04/2006,1.4878
25/04/2006,1.9568
26/04/2006,2.9849
27/04/2006,2.7134
28/04/2006,1.0647
01/05/2006,1.7305
02/05/2006,1.8827
03/05/2006,1.4622
04/05/2006,1.5917
05/05/2006,1.236
08/05/2006,1.4192
09/05/2006,1.7347
10/05/2006,1.3497
11/05/2006,1.2932
12/05/2006,1.2341
15/05/2006,1.7362
16/05/2006,1.4702
17/05/2006,1.5636
18/05/2006,2.3648
19/05/2006,2.3419
22/05/2006,2.1118
23/05/2006,3.2712
24/05/2006,3.0131
25/05/2006,3.1548
26/05/2006,1.803
30/05/2006,1.7867
31/05/2006,2.2573
01/06/2006,1.4213
02/06/2006,1.143
05/06/2006,1.6252
06/06/2006,1.456
07/06/2006,2.161
08/06/2006,1.7228
09/06/2006,1.6706
12/06/2006,1.7786
13/06/2006,2.1774
14/06/2006,1.7195
15/06/2006,1.8712
16/06/2006,1.0689
19/06/2006,3.4396
20/06/2006,2.0798
21/06/2006,1.3092
22/06/2006,1.236
23/06/2006,1.5897
26/06/2006,2.2151
27/06/2006,2.2666
28/06/2006,2.3288
29/06/2006,1.7504
30/06/2006,0.9385
03/07/2006,2.5868
05/07/2006,2.4428
06/07/2006,2.349
07/07/2006,1.4013
10/07/2006,1.5923
11/07/2006,1.5971
12/07/2006,1.7558
13/07/2006,1.635
14/07/2006,1.9003
17/07/2006,2.0095
18/07/2006,1.9887
19/07/2006,1.8271
20/07/2006,1.2244
21/07/2006,1.4187
24/07/2006,3.3202
25/07/2006,0.7371
26/07/2006,1.9558
27/07/2006,2.8065
28/07/2006,2.5584
31/07/2006,1.9513
01/08/2006,2.7878
02/08/2006,1.8641
03/08/2006,1.5778
04/08/2006,1.3035
07/08/2006,1.2413
08/08/2006,1.7913
09/08/2006,1.3836
10/08/2006,2.1052
11/08/2006,1.4627
14/08/2006,1.6367
15/08/2006,1.436
16/08/2006,0.8245
17/08/2006,1.2437
18/08/2006,0.899
21/08/2006,1.3027
22/08/2006,1.664
23/08/2006,3.6453
24/08/2006,2.7221
25/08/2006,1.6164
28/08/2006,2.0253
29/08/2006,1.2028
30/08/2006,2.4277
31/08/2006,1.1782
01/09/2006,2.1985
05/09/2006,1.4526
06/09/2006,1.9106
07/09/2006,1.9657
08/09/2006,1.5771
11/09/2006,1.3552
12/09/2006,1.2739
13/09/2006,1.4094
14/09/2006,1.3534
15/09/2006,1.3661
18/09/2006,1.1252
19/09/2006,2.7356
20/09/2006,4.7317
21/09/2006,1.8083
22/09/2006,1.838
25/09/2006,2.2067
26/09/2006,1.2398
27/09/2006,1.688
28/09/2006,1.7193
29/09/2006,1.5087
02/10/2006,2.3187
03/10/2006,1.7537
04/10/2006,1.3784
05/10/2006,1.1914
06/10/2006,1.2859
09/10/2006,1.6668
10/10/2006,2.4908
11/10/2006,1.3913
12/10/2006,1.5955
13/10/2006,1.1766
16/10/2006,1.0094
17/10/2006,1.2094
18/10/2006,1.3378
19/10/2006,1.5005
20/10/2006,0.9856
23/10/2006,1.1495
24/10/2006,3.8413
25/10/2006,1.3605
26/10/2006,1.2323
27/10/2006,2.8644
30/10/2006,2.0608
31/10/2006,3.6988
01/11/2006,1.097
02/11/2006,1.4777
03/11/2006,1.4878
06/11/2006,1.3558
07/11/2006,1.1892
08/11/2006,1.2876
09/11/2006,1.67
10/11/2006,1.0824
13/11/2006,1.766
14/11/2006,1.8768
15/11/2006,1.5012
16/11/2006,1.0847
17/11/2006,1.5583
20/11/2006,1.7991
21/11/2006,5.6246
22/11/2006,2.3403
24/11/2006,2.7718
27/11/2006,1.9705
28/11/2006,2.0616
29/11/2006,1.2693
30/11/2006,0.9515
01/12/2006,1.958
04/12/2006,1.8263
05/12/2006,1.4742
06/12/2006,1.2973
07/12/2006,1.6128
08/12/2006,1.3512
11/12/2006,0.9647
12/12/2006,2.0123
13/12/2006,1.3495
14/12/2006,0.7452
15/12/2006,0.8936
18/12/2006,4.353
19/12/2006,2.0565
20/12/2006,3.5124
21/12/2006,2.3639
22/12/2006,2.0972
26/12/2006,2.7319
27/12/2006,1.1101
28/12/2006,1.5206
29/12/2006,1.6707
03/01/2007,1.8001
04/01/2007,1.3961
05/01/2007,1.5084
08/01/2007,1.2821
09/01/2007,1.0773
10/01/2007,1.7125
11/01/2007,1.3391
12/01/2007,1.2897
16/01/2007,1.4709
17/01/2007,1.9139
18/01/2007,1.3384
19/01/2007,2.3067
22/01/2007,1.5189
23/01/2007,1.8402
24/01/2007,1.9462
25/01/2007,3.0612
26/01/2007,2.6123
29/01/2007,2.7964
30/01/2007,2.5927
31/01/2007,2.1947
01/02/2007,1.485
02/02/2007,1.4248
05/02/2007,2.3995
06/02/2007,2.2507
07/02/2007,1.7491
08/02/2007,2.0959
09/02/2007,1.7375
12/02/2007,1.9762
13/02/2007,1.1809
14/02/2007,1.2914
15/02/2007,1.0943
16/02/2007,2.3054
20/02/2007,1.5926
21/02/2007,2.974
22/02/2007,2.9521
23/02/2007,5.1367
26/02/2007,2.1179
27/02/2007,2.2109
28/02/2007,1.9325
01/03/2007,2.7168
02/03/2007,2.8075
05/03/2007,4.0584
06/03/2007,1.7323
07/03/2007,2.0788
08/03/2007,1.1482
09/03/2007,2.0058
12/03/2007,1.1642
13/03/2007,2.1083
14/03/2007,3.756
15/03/2007,1.5548
16/03/2007,2.251
19/03/2007,1.1088
20/03/2007,1.9713
21/03/2007,1.6019
22/03/2007,1.4273
23/03/2007,1.0936
26/03/2007,1.5951
27/03/2007,1.9948
28/03/2007,3.5921
29/03/2007,2.4208
30/03/2007,2.8872
02/04/2007,1.518
03/04/2007,2.184
04/04/2007,1.5471
05/04/2007,1.2244
09/04/2007,1.336
10/04/2007,1.6499
11/04/2007,1.222
12/04/2007,1.9828
13/04/2007,1.1463
16/04/2007,0.9408
17/04/2007,1.464
18/04/2007,1.2286
19/04/2007,1.2012
20/04/2007,1.9746
23/04/2007,2.2565
24/04/2007,3.3535
25/04/2007,1.3286
26/04/2007,1.3434
27/04/2007,3.1398
30/04/2007,0.9871
01/05/2007,2.6302
02/05/2007,1.0498
03/05/2007,0.9862
04/05/2007,1.7077
07/05/2007,1.2374
08/05/2007,1.6447
09/05/2007,0.794
10/05/2007,2.0108
11/05/2007,2.1479
14/05/2007,1.3045
15/05/2007,0.924
16/05/2007,1.4107
17/05/2007,1.3015
18/05/2007,2.4658
21/05/2007,2.2306
22/05/2007,4.8295
23/05/2007,2.1159
24/05/2007,3.146
25/05/2007,2.306
29/05/2007,2.143
30/05/2007,1.2423
31/05/2007,1.8907
01/06/2007,2.2182
04/06/2007,1.968
05/06/2007,1.5819
06/06/2007,1.9252
07/06/2007,2.2603
08/06/2007,1.6381
11/06/2007,1.387
12/06/2007,1.6623
13/06/2007,1.5631
14/06/2007,1.5552
15/06/2007,2.4555
18/06/2007,2.8097
19/06/2007,3.3275
20/06/2007,2.9585
21/06/2007,2.6017
22/06/2007,1.6554
25/06/2007,2.2206
26/06/2007,3.0687
27/06/2007,1.8648
28/06/2007,1.8027
29/06/2007,2.1985
02/07/2007,2.0549
03/07/2007,2.0075
05/07/2007,1.8046
06/07/2007,1.0748
09/07/2007,2.0147
10/07/2007,2.5141
11/07/2007,1.9859
12/07/2007,1.5687
13/07/2007,2.1335
16/07/2007,2.2464
17/07/2007,2.5471
18/07/2007,2.4901
19/07/2007,1.016
20/07/2007,3.4067
23/07/2007,2.6755
24/07/2007,4.9524
25/07/2007,2.2101
26/07/2007,3.9999
27/07/2007,2.5712
30/07/2007,2.0814
31/07/2007,2.2291
01/08/2007,2.0374
02/08/2007,1.8839
03/08/2007,1.9251
06/08/2007,1.8898
07/08/2007,1.4717
08/08/2007,1.3214
09/08/2007,2.3218
10/08/2007,1.9912
13/08/2007,1.2983
14/08/2007,2.0209
15/08/2007,2.0213
16/08/2007,1.9352
17/08/2007,1.8254
20/08/2007,2.3811
21/08/2007,1.8757
22/08/2007,2.2951
23/08/2007,1.5828
24/08/2007,1.2907
27/08/2007,2.2192
28/08/2007,2.5258
29/08/2007,1.2825
30/08/2007,2.1138
31/08/2007,2.0608
04/09/2007,2.3873
05/09/2007,3.1573
06/09/2007,1.9807
07/09/2007,2.1744
10/09/2007,1.8228
11/09/2007,1.7518
12/09/2007,1.494
13/09/2007,1.7057
14/09/2007,1.746
17/09/2007,1.1486
18/09/2007,1.3861
19/09/2007,1.7543
20/09/2007,1.3997
21/09/2007,1.6297
24/09/2007,2.0923
25/09/2007,2.7272
26/09/2007,1.5171
27/09/2007,2.6785
28/09/2007,2.9691
01/10/2007,1.6194
02/10/2007,3.7751
03/10/2007,2.2082
04/10/2007,1.4508
05/10/2007,1.1742
08/10/2007,2.5186
09/10/2007,1.5594
10/10/2007,2.1406
11/10/2007,1.719
12/10/2007,1.5533
15/10/2007,1.9206
16/10/2007,1.6281
17/10/2007,1.9535
18/10/2007,1.335
19/10/2007,2.6501
22/10/2007,2.982
23/10/2007,2.0007
24/10/2007,1.2959
25/10/2007,2.3815
26/10/2007,1.8972
29/10/2007,3.9343
30/10/2007,2.54
31/10/2007,1.8256
01/11/2007,2.4372
02/11/2007,1.4674
05/11/2007,1.6979
06/11/2007,1.433
07/11/2007,1.9114
08/11/2007,2.082
09/11/2007,1.9071
12/11/2007,1.6397
13/11/2007,1.9695
14/11/2007,1.4881
15/11/2007,1.9332
16/11/2007,1.9948
19/11/2007,2.5491
20/11/2007,1.8384
21/11/2007,2.2636
23/11/2007,1.8729
26/11/2007,1.6763
27/11/2007,1.7809
28/11/2007,1.4027
29/11/2007,2.0854
30/11/2007,2.5417
03/12/2007,1.5759
04/12/2007,1.4447
05/12/2007,1.4459
06/12/2007,1.7443
07/12/2007,1.8806
10/12/2007,1.3495
11/12/2007,1.5915
12/12/2007,1.3566
13/12/2007,1.7033
14/12/2007,1.8198
17/12/2007,1.6386
18/12/2007,1.5561
19/12/2007,1.8221
20/12/2007,1.3248
21/12/2007,2.3931
24/12/2007,1.4903
25/12/2007,2.6781
26/12/2007,1.6459
27/12/2007,2.2786
28/12/2007,1.7428
31/12/2007,2.0974
01/01/2008,7.7778
02/01/2008,2.0911
03/01/2008,2.0019
04/01/2008,1.9873
07/01/2008,1.7916
08/01/2008,1.7953
09/01/2008,1.7619
10/01/2008,1.3381
11/01/2008,1.8472
14/01/2008,1.2771
15/01/2008,2.1366
16/01/2008,1.6618
17/01/2008,2.4426
18/01/2008,1.6263
22/01/2008,2.5336
23/01/2008,1.8066
24/01/2008,1.7196
25/01/2008,1.8118
28/01/2008,1.963
29/01/2008,1.803
30/01/2008,1.0518
31/01/2008,1.8375
01/02/2008,1.5714
04/02/2008,2.0903
05/02/2008,2.2928
06/02/2008,2.1986
07/02/2008,1.6324
08/02/2008,1.8872
11/02/2008,1.3003
12/02/2008,1.3752
13/02/2008,1.2611
14/02/2008,1.0361
15/02/2008,2.0146
19/02/2008,2.7104
20/02/2008,1.3141
21/02/2008,1.3432
22/02/2008,1.681
25/02/2008,2.1392
26/02/2008,1.5317
27/02/2008,2.895
28/02/2008,2.5357
29/02/2008,2.5063
03/03/2008,2.5822
04/03/2008,1.8933
05/03/2008,1.6211
06/03/2008,1.8477
07/03/2008,1.6395
10/03/2008,2.3285
11/03/2008,2.022
12/03/2008,2.214
13/03/2008,2.0638
14/03/2008,2.0407
17/03/2008,1.8666
18/03/2008,1.1948
19/03/2008,1.8826
20/03/2008,1.6583
24/03/2008,1.4138
25/03/2008,1.9939
26/03/2008,1.7874
27/03/2008,2.9264
28/03/2008,2.5036
31/03/2008,2.1738
01/04/2008,1.4426
02/04/2008,2.5331
03/04/2008,2.6154
04/04/2008,3.7675
07/04/2008,2.5312
08/04/2008,2.7121
09/04/2008,2.1546
10/04/2008,1.3859
11/04/2008,1.849
14/04/2008,1.6098
15/04/2008,1.3314
16/04/2008,1.228
17/04/2008,1.2594
18/04/2008,1.7073
21/04/2008,3.339
22/04/2008,2.5156
23/04/2008,2.8267
24/04/2008,2.1925
25/04/2008,1.5616
28/04/2008,2.7641
29/04/2008,2.0715
30/04/2008,2.3865
01/05/2008,1.5987
02/05/2008,2.0597
05/05/2008,1.8531
06/05/2008,1.8643
07/05/2008,1.8629
08/05/2008,1.6166
09/05/2008,1.9845
12/05/2008,1.5978
13/05/2008,1.3015
14/05/2008,1.125
15/05/2008,1.05
16/05/2008,1.2903
19/05/2008,1.931
20/05/2008,2.9184
21/05/2008,3.0485
22/05/2008,1.9022
23/05/2008,1.8133
27/05/2008,1.7986
28/05/2008,1.57
29/05/2008,1.4064
30/05/2008,1.8411
02/06/2008,1.6073
03/06/2008,1.9383
04/06/2008,1.828
05/06/2008,1.3546
06/06/2008,2.0585
09/06/2008,1.4632
10/06/2008,1.364
11/06/2008,1.631
12/06/2008,1.4301
13/06/2008,1.5682
16/06/2008,1.6906
17/06/2008,1.6306
18/06/2008,1.7296
19/06/2008,1.1267
20/06/2008,2.2839
23/06/2008,1.6414
24/06/2008,1.6891
25/06/2008,1.7217
26/06/2008,2.1998
27/06/2008,1.9196
30/06/2008,1.627
01/07/2008,1.6802
02/07/2008,2.2599
03/07/2008,2.118
07/07/2008,1.6242
08/07/2008,1.4777
09/07/2008,1.3531
10/07/2008,1.7473
11/07/2008,1.6526
14/07/2008,1.5018
15/07/2008,1.771
16/07/2008,1.3558
17/07/2008,0.9694
18/07/2008,1.5541
21/07/2008,1.9124
22/07/2008,1.8058
23/07/2008,1.6185
24/07/2008,1.8171
25/07/2008,1.2383
28/07/2008,1.6551
29/07/2008,1.8752
30/07/2008,1.4634
31/07/2008,2.5793
01/08/2008,2.5957
04/08/2008,2.0186
05/08/2008,1.466
06/08/2008,1.6749
07/08/2008,1.8981
08/08/2008,1.8047
11/08/2008,1.3975
12/08/2008,1.3352
13/08/2008,1.9461
14/08/2008,1.7169
15/08/2008,1.8704
18/08/2008,2.4012
19/08/2008,2.2513
20/08/2008,2.2535
21/08/2008,1.0852
22/08/2008,1.4602
25/08/2008,2.6537
26/08/2008,1.6594
27/08/2008,1.0161
28/08/2008,1.0632
29/08/2008,2.013
02/09/2008,1.903
03/09/2008,2.0714
04/09/2008,1.1408
05/09/2008,1.0462
08/09/2008,1.1438
09/09/2008,1.4091
10/09/2008,1.5947
11/09/2008,1.3982
12/09/2008,1.2705
15/09/2008,2.3742
16/09/2008,3.0782
17/09/2008,2.1731
18/09/2008,2.2687
19/09/2008,1.2941
22/09/2008,2.072
23/09/2008,1.4427
24/09/2008,1.5747
25/09/2008,1.1672
26/09/2008,1.3039
29/09/2008,2.2304
30/09/2008,2.2913
01/10/2008,1.463
02/10/2008,2.7828
03/10/2008,1.7847
06/10/2008,2.8957
07/10/2008,1.5007
08/10/2008,2.2969
09/10/2008,2.2422
10/10/2008,2.0512
13/10/2008,0.9309
14/10/2008,0.9986
15/10/2008,1.7024
16/10/2008,1.326
17/10/2008,1.5177
20/10/2008,1.2311
21/10/2008,1.3091
22/10/2008,2.3924
23/10/2008,2.7327
24/10/2008,2.5222
27/10/2008,2.3143
28/10/2008,2.1883
29/10/2008,1.6976
30/10/2008,1.558
31/10/2008,2.5254
03/11/2008,1.4166
04/11/2008,1.5495
05/11/2008,1.1397
06/11/2008,2.1539
07/11/2008,1.7753
10/11/2008,1.2773
11/11/2008,1.9985
12/11/2008,1.5873
13/11/2008,1.3766
14/11/2008,1.4962
17/11/2008,1.4471
18/11/2008,1.0914
19/11/2008,2.0806
20/11/2008,1.7057
21/11/2008,1.4592
24/11/2008,1.0327
25/11/2008,0.6896
26/11/2008,1.242
28/11/2008,1.4575
01/12/2008,1.4188
02/12/2008,1.4786
03/12/2008,1.5199
04/12/2008,1.1046
05/12/2008,1.7164
08/12/2008,1.0314
09/12/2008,1.4647
10/12/2008,1.203
11/12/2008,1.5045
12/12/2008,1.3747
15/12/2008,1.1851
16/12/2008,1.073
17/12/2008,1.0437
18/12/2008,1.0109
19/12/2008,0.9866
22/12/2008,1.5819
23/12/2008,1.2214
24/12/2008,1.7799
26/12/2008,1.5882
29/12/2008,1.2917
30/12/2008,1.648
31/12/2008,1.6266
02/01/2009,1.595
05/01/2009,1.3868
06/01/2009,1.1127
07/01/2009,1.0984
08/01/2009,1.811
09/01/2009,1.5367
12/01/2009,1.4071
13/01/2009,1.2239
14/01/2009,1.1187
15/01/2009,1.2803
16/01/2009,1.7233
20/01/2009,1.3419
21/01/2009,1.2722
22/01/2009,1.4726
23/01/2009,1.261
26/01/2009,1.3305
27/01/2009,1.239
28/01/2009,0.9514
29/01/2009,1.6172
30/01/2009,1.5101
02/02/2009,0.9018
03/02/2009,0.9186
04/02/2009,0.8109
05/02/2009,1.1409
06/02/2009,0.8664
09/02/2009,1.3773
10/02/2009,0.8003
11/02/2009,1.0016
12/02/2009,0.8932
13/02/2009,1.4102
17/02/2009,1.6249
18/02/2009,1.5717
19/02/2009,1.5404
20/02/2009,1.1148
23/02/2009,1.8312
24/02/2009,1.6303
25/02/2009,1.2911
26/02/2009,1.0398
27/02/2009,1.3718
02/03/2009,1.3387
03/03/2009,1.6101
04/03/2009,1.8192
05/03/2009,1.1674
06/03/2009,1.051
09/03/2009,1.1409
10/03/2009,0.9898
11/03/2009,1.1089
12/03/2009,0.9862
13/03/2009,0.9097
16/03/2009,1.246
17/03/2009,0.9387
18/03/2009,0.9683
19/03/2009,1.2692
20/03/2009,1.9493
23/03/2009,0.918
24/03/2009,1.0312
25/03/2009,1.522
26/03/2009,1.9831
27/03/2009,2.1319
30/03/2009,2.8399
31/03/2009,2.1665
01/04/2009,1.575
02/04/2009,1.2262
03/04/2009,1.4439
06/04/2009,1.443
07/04/2009,1.5968
08/04/2009,1.6374
09/04/2009,1.7163
13/04/2009,1.8423
14/04/2009,1.482
15/04/2009,1.3779
16/04/2009,0.9368
17/04/2009,1.6781
20/04/2009,1.7871
21/04/2009,1.5407
22/04/2009,1.7073
23/04/2009,1.8483
24/04/2009,1.3179
27/04/2009,2.0365
28/04/2009,1.3636
29/04/2009,0.7937
30/04/2009,1.925
01/05/2009,1.997
04/05/2009,1.5274
05/05/2009,1.1159
06/05/2009,1.336
07/05/2009,1.6433
08/05/2009,1.7476
11/05/2009,1.4077
12/05/2009,1.498
13/05/2009,1.5296
14/05/2009,1.4679
15/05/2009,0.8318
18/05/2009,1.5195
19/05/2009,0.7806
20/05/2009,1.305
21/05/2009,1.2768
22/05/2009,1.1738
26/05/2009,1.0761
27/05/2009,1.8148
28/05/2009,2.0821
29/05/2009,1.3932
01/06/2009,1.0714
02/06/2009,1.4453
03/06/2009,2.265
04/06/2009,1.6998
05/06/2009,1.1089
08/06/2009,1.6908
09/06/2009,1.5984
10/06/2009,1.4988
11/06/2009,1.3783
12/06/2009,1.4164
15/06/2009,1.3028
16/06/2009,1.6742
17/06/2009,1.9901
18/06/2009,1.2864
19/06/2009,1.3421
22/06/2009,1.5952
23/06/2009,2.9751
24/06/2009,1.2596
25/06/2009,1.28
26/06/2009,0.942
29/06/2009,1.0617
30/06/2009,1.9884
01/07/2009,1.325
02/07/2009,1.9301
06/07/2009,1.0774
07/07/2009,1.2167
08/07/2009,1.3465
09/07/2009,1.3408
10/07/2009,1.1859
13/07/2009,1.3129
14/07/2009,1.8325
15/07/2009,1.1071
16/07/2009,0.9711
17/07/2009,1.8655
20/07/2009,0.9848
21/07/2009,1.6339
22/07/2009,3.2582
23/07/2009,1.6321
24/07/2009,1.464
27/07/2009,1.8416
28/07/2009,1.6203
29/07/2009,1.8357
30/07/2009,1.8619
31/07/2009,1.2875
03/08/2009,1.4269
04/08/2009,1.1438
05/08/2009,3.0618
06/08/2009,1.8176
07/08/2009,2.0157
10/08/2009,1.8701
11/08/2009,1.2253
12/08/2009,1.6383
13/08/2009,1.228
14/08/2009,1.451
17/08/2009,1.5604
18/08/2009,1.6024
19/08/2009,1.6433
20/08/2009,1.1426
21/08/2009,1.5694
24/08/2009,1.9907
25/08/2009,1.7574
26/08/2009,2.0928
27/08/2009,1.7441
28/08/2009,1.2112
31/08/2009,2.0063
01/09/2009,1.4328
02/09/2009,1.3816
03/09/2009,1.3232
04/09/2009,1.1862
08/09/2009,1.3357
09/09/2009,1.4827
10/09/2009,1.9896
11/09/2009,1.2916
14/09/2009,1.4926
15/09/2009,1.5034
16/09/2009,1.0838
17/09/2009,1.3402
18/09/2009,2.0928
21/09/2009,2.3608
22/09/2009,2.2213
23/09/2009,2.0979
24/09/2009,1.9655
25/09/2009,2.152
28/09/2009,3.5762
29/09/2009,1.7034
30/09/2009,2.0164
01/10/2009,1.466
02/10/2009,1.911
05/10/2009,1.4306
06/10/2009,1.5952
07/10/2009,1.3671
08/10/2009,1.403
09/10/2009,2.0422
12/10/2009,1.5622
13/10/2009,1.9542
14/10/2009,1.3379
15/10/2009,1.0064
16/10/2009,2.3715
19/10/2009,2.2993
20/10/2009,2.0993
21/10/2009,2.0228
22/10/2009,1.4658
23/10/2009,2.1782
26/10/2009,2.1736
27/10/2009,3.7368
28/10/2009,1.9511
29/10/2009,1.4958
30/10/2009,1.8877
02/11/2009,1.4961
03/11/2009,2.5495
04/11/2009,1.6578
05/11/2009,1.9449
06/11/2009,1.3269
09/11/2009,1.4469
10/11/2009,1.6044
11/11/2009,1.9779
12/11/2009,1.6226
13/11/2009,3.0898
16/11/2009,1.1395
17/11/2009,1.7044
18/11/2009,1.5467
19/11/2009,1.414
20/11/2009,1.9581
23/11/2009,0.871
24/11/2009,1.6351
25/11/2009,1.9479
27/11/2009,2.8942
30/11/2009,2.1278
01/12/2009,1.8584
02/12/2009,2.2807
03/12/2009,1.0794
04/12/2009,1.5966
07/12/2009,1.7272
08/12/2009,1.6778
09/12/2009,1.5111
10/12/2009,1.7496
11/12/2009,1.5362
14/12/2009,1.2229
15/12/2009,1.4929
16/12/2009,1.9728
17/12/2009,1.7845
18/12/2009,1.7221
21/12/2009,1.7134
22/12/2009,1.6923
23/12/2009,1.0724
24/12/2009,1.8503
28/12/2009,1.742
29/12/2009,2.346
30/12/2009,1.0699
31/12/2009,4.1289
04/01/2010,1.3138
05/01/2010,1.8094
06/01/2010,1.2936
07/01/2010,1.5105
08/01/2010,1.2369
11/01/2010,1.6466
12/01/2010,1.573
13/01/2010,1.7051
14/01/2010,1.28
15/01/2010,1.9584
19/01/2010,1.246
20/01/2010,2.2508
21/01/2010,1.8898
22/01/2010,1.8886
25/01/2010,2.4459
26/01/2010,1.3011
27/01/2010,1.5611
28/01/2010,1.2809
29/01/2010,2.0669
01/02/2010,1.0717
02/02/2010,1.8733
03/02/2010,1.8651
04/02/2010,2.011
05/02/2010,2.3474
08/02/2010,1.8137
09/02/2010,1.3169
10/02/2010,1.4282
11/02/2010,1.227
12/02/2010,1.5481
16/02/2010,1.2407
17/02/2010,1.6244
18/02/2010,1.1345
19/02/2010,1.2377
22/02/2010,2.4147
23/02/2010,2.1031
24/02/2010,1.3423
25/02/2010,1.6294
26/02/2010,1.3575
01/03/2010,1.4641
02/03/2010,1.174
03/03/2010,1.6711
04/03/2010,1.8803
05/03/2010,1.4007
08/03/2010,2.0324
09/03/2010,0.9566
10/03/2010,1.0915
11/03/2010,1.2857
12/03/2010,1.9988
15/03/2010,1.5134
16/03/2010,1.0618
17/03/2010,1.5471
18/03/2010,1.2414
19/03/2010,3.2141
22/03/2010,2.5957
23/03/2010,1.2006
24/03/2010,2.1558
25/03/2010,1.9994
26/03/2010,2.2998
29/03/2010,2.8514
30/03/2010,2.2596
31/03/2010,3.2145
01/04/2010,2.8467
05/04/2010,1.5727
06/04/2010,1.153
07/04/2010,1.9183
08/04/2010,1.5173
09/04/2010,1.2852
12/04/2010,1.4356
13/04/2010,1.3105
14/04/2010,1.0407
15/04/2010,1.3906
16/04/2010,2.111
19/04/2010,1.5954
20/04/2010,2.0943
21/04/2010,2.4962
22/04/2010,1.3883
23/04/2010,1.1917
26/04/2010,1.7311
27/04/2010,1.9778
28/04/2010,2.236
29/04/2010,1.3351
30/04/2010,1.8373
03/05/2010,2.0116
04/05/2010,1.5233
05/05/2010,1.8476
06/05/2010,2.3101
07/05/2010,2.5194
10/05/2010,1.7661
11/05/2010,2.0916
12/05/2010,1.4198
13/05/2010,1.2723
14/05/2010,1.7626
17/05/2010,2.0551
18/05/2010,1.8491
19/05/2010,2.4381
20/05/2010,2.0234
21/05/2010,2.0569
24/05/2010,1.3655
25/05/2010,1.7665
26/05/2010,1.4741
27/05/2010,1.591
28/05/2010,1.4193
01/06/2010,2.0324
02/06/2010,1.322
03/06/2010,2.0339
04/06/2010,1.9993
07/06/2010,1.5068
08/06/2010,1.5497
09/06/2010,1.6794
10/06/2010,1.2423
11/06/2010,1.3145
14/06/2010,1.8402
15/06/2010,1.3484
16/06/2010,1.4462
17/06/2010,0.8839
18/06/2010,1.3569
21/06/2010,2.1175
22/06/2010,1.8469
23/06/2010,1.7393
24/06/2010,1.5803
25/06/2010,1.9305
28/06/2010,1.0959
29/06/2010,1.4493
30/06/2010,1.2884
01/07/2010,1.6059
02/07/2010,1.5173
06/07/2010,1.9086
07/07/2010,0.9137
08/07/2010,1.1173
09/07/2010,1.3119
12/07/2010,1.4883
13/07/2010,1.2548
14/07/2010,1.0135
15/07/2010,0.868
16/07/2010,2.2176
19/07/2010,1.7556
20/07/2010,1.48
21/07/2010,2.4839
22/07/2010,1.2698
23/07/2010,1.5944
26/07/2010,1.7005
27/07/2010,1.3959
28/07/2010,1.9766
29/07/2010,1.7442
30/07/2010,1.1774
02/08/2010,2.0998
03/08/2010,1.2724
04/08/2010,3.2923
05/08/2010,2.6746
06/08/2010,1.7425
09/08/2010,2.0073
10/08/2010,2.4881
11/08/2010,1.6371
12/08/2010,2.9771
13/08/2010,1.8309
16/08/2010,1.55
17/08/2010,1.7184
18/08/2010,1.9162
19/08/2010,1.314
20/08/2010,2.0261
23/08/2010,1.7822
24/08/2010,0.8702
25/08/2010,1.9702
26/08/2010,1.4688
27/08/2010,1.1085
30/08/2010,3.0372
31/08/2010,1.8217
01/09/2010,1.205
02/09/2010,1.3056
03/09/2010,2.0757
07/09/2010,1.996
08/09/2010,2.0411
09/09/2010,1.8759
10/09/2010,1.9541
13/09/2010,0.9174
14/09/2010,1.5803
15/09/2010,1.5276
16/09/2010,1.0288
17/09/2010,2.4013
20/09/2010,2.1649
21/09/2010,2.0099
22/09/2010,2.1358
23/09/2010,1.6965
24/09/2010,1.5728
27/09/2010,1.729
28/09/2010,2.3586
29/09/2010,1.4238
30/09/2010,1.763
01/10/2010,1.3229
04/10/2010,1.4841
05/10/2010,1.1593
06/10/2010,1.4331
07/10/2010,1.3815
08/10/2010,1.6863
11/10/2010,1.4883
12/10/2010,1.7924
13/10/2010,1.2691
14/10/2010,1.4897
15/10/2010,2.854
18/10/2010,1.4456
19/10/2010,1.458
20/10/2010,1.9273
21/10/2010,1.7043
22/10/2010,1.0586
25/10/2010,1.9121
26/10/2010,1.9736
27/10/2010,2.1541
28/10/2010,2.2206
29/10/2010,3.3721
01/11/2010,2.5705
02/11/2010,1.2085
03/11/2010,1.9724
04/11/2010,1.7322
05/11/2010,1.6212
08/11/2010,1.2477
09/11/2010,1.5913
10/11/2010,1.6066
11/11/2010,1.6397
12/11/2010,1.2229
15/11/2010,1.4604
16/11/2010,1.7998
17/11/2010,1.5974
18/11/2010,1.1934
19/11/2010,1.0925
22/11/2010,2.2117
23/11/2010,1.9859
24/11/2010,2.0022
26/11/2010,2.0748
29/11/2010,2.2364
30/11/2010,2.1235
01/12/2010,1.6691
02/12/2010,1.5685
03/12/2010,1.3116
06/12/2010,1.3164
07/12/2010,1.2852
08/12/2010,2.0477
09/12/2010,1.3268
10/12/2010,1.48
13/12/2010,1.2589
14/12/2010,1.1028
15/12/2010,1.1181
16/12/2010,1.0961
17/12/2010,2.4453
20/12/2010,1.9163
21/12/2010,1.5394
22/12/2010,2.75
23/12/2010,1.9571
27/12/2010,2.0599
28/12/2010,1.453
29/12/2010,1.7362
30/12/2010,2.3127
31/12/2010,1.9711
03/01/2011,1.4058
04/01/2011,1.4958
05/01/2011,1.809
06/01/2011,0.8581
07/01/2011,1.7909
10/01/2011,1.5912
11/01/2011,1.9023
12/01/2011,1.2878
13/01/2011,1.3904
14/01/2011,1.4595
18/01/2011,1.4812
19/01/2011,2.3057
20/01/2011,1.6455
21/01/2011,1.5679
24/01/2011,2.0619
25/01/2011,2.4369
26/01/2011,1.0577
27/01/2011,2.7635
28/01/2011,2.311
31/01/2011,3.0624
01/02/2011,1.2087
02/02/2011,2.3511
03/02/2011,1.6665
04/02/2011,1.8499
07/02/2011,1.846
08/02/2011,1.3721
09/02/2011,1.4565
10/02/2011,1.6558
11/02/2011,1.8407
14/02/2011,2.0925
15/02/2011,1.7852
16/02/2011,1.8753
17/02/2011,1.2166
18/02/2011,2.7539
22/02/2011,2.5061
23/02/2011,1.37
24/02/2011,2.5879
25/02/2011,1.8849
28/02/2011,2.2959
01/03/2011,2.3117
02/03/2011,2.0193
03/03/2011,1.6004
04/03/2011,1.975
07/03/2011,2.284
08/03/2011,1.5511
09/03/2011,2.2699
10/03/2011,1.3526
11/03/2011,2.0751
14/03/2011,1.8038
15/03/2011,1.6942
16/03/2011,2.515
17/03/2011,2.1697
18/03/2011,2.0227
21/03/2011,1.9973
22/03/2011,1.9801
23/03/2011,1.3982
24/03/2011,2.2289
25/03/2011,1.9928
28/03/2011,1.8151
29/03/2011,1.7312
30/03/2011,1.4899
31/03/2011,2.1035
01/04/2011,2.2212
04/04/2011,2.1454
05/04/2011,1.6927
06/04/2011,1.4797
07/04/2011,1.9289
08/04/2011,1.7277
11/04/2011,1.3696
12/04/2011,1.4966
13/04/2011,1.6846
14/04/2011,1.5799
15/04/2011,2.1397
18/04/2011,1.8104
19/04/2011,1.1656
20/04/2011,2.1681
21/04/2011,1.5972
25/04/2011,1.3021
26/04/2011,1.1359
27/04/2011,1.2089
28/04/2011,1.9594
29/04/2011,1.7738
02/05/2011,1.3776
03/05/2011,1.8443
04/05/2011,2.0767
05/05/2011,1.9361
06/05/2011,1.8507
09/05/2011,1.9361
10/05/2011,1.5392
11/05/2011,2.202
12/05/2011,1.8026
13/05/2011,1.8098
16/05/2011,1.8779
17/05/2011,1.8932
18/05/2011,1.1514
19/05/2011,1.8023
20/05/2011,2.0769
23/05/2011,2.1282
24/05/2011,1.7799
25/05/2011,1.3041
26/05/2011,1.7615
27/05/2011,1.2027
31/05/2011,1.6102
01/06/2011,2.1865
02/06/2011,1.6053
03/06/2011,2.2288
06/06/2011,1.4608
07/06/2011,1.4008
08/06/2011,1.772
09/06/2011,1.4259
10/06/2011,1.7748
13/06/2011,1.6661
14/06/2011,1.5045
15/06/2011,2.8571
16/06/2011,1.9156
17/06/2011,2.0298
20/06/2011,1.6541
21/06/2011,1.5746
22/06/2011,2.0067
23/06/2011,2.4089
24/06/2011,2.1126
27/06/2011,2.4226
28/06/2011,1.425
29/06/2011,1.4022
30/06/2011,1.3759
01/07/2011,1.3018
05/07/2011,1.8742
06/07/2011,2.0447
07/07/2011,1.1457
08/07/2011,1.6509
11/07/2011,2.8774
12/07/2011,2.2416
13/07/2011,1.8584
14/07/2011,2.005
15/07/2011,2.4846
18/07/2011,1.987
19/07/2011,1.6255
20/07/2011,1.9762
21/07/2011,1.1563
22/07/2011,1.5756
25/07/2011,1.6498
26/07/2011,1.9851
27/07/2011,2.916
28/07/2011,1.5954
29/07/2011,2.3049
01/08/2011,2.4102
02/08/2011,2.109
03/08/2011,1.5131
04/08/2011,2.2361
05/08/2011,2.5882
08/08/2011,2.0448
09/08/2011,2.6372
10/08/2011,1.7376
11/08/2011,1.3792
12/08/2011,1.7861
15/08/2011,2.099
16/08/2011,1.4165
17/08/2011,2.1944
18/08/2011,1.9368
19/08/2011,1.673
22/08/2011,2.0071
23/08/2011,1.7759
24/08/2011,1.7255
25/08/2011,1.7234
26/08/2011,1.6481
29/08/2011,2.2566
30/08/2011,1.8355
31/08/2011,1.4033
01/09/2011,1.7837
02/09/2011,1.8683
06/09/2011,1.8784
07/09/2011,1.9822
08/09/2011,1.2648
09/09/2011,1.7987
12/09/2011,2.2031
13/09/2011,1.7085
14/09/2011,1.4936
15/09/2011,1.6815
16/09/2011,1.7575
19/09/2011,2.3291
20/09/2011,1.9135
21/09/2011,2.6585
22/09/2011,2.7546
23/09/2011,1.318
26/09/2011,1.8577
27/09/2011,1.8204
28/09/2011,2.4148
29/09/2011,2.1962
30/09/2011,1.4939
03/10/2011,2.3202
04/10/2011,1.9762
05/10/2011,1.9091
06/10/2011,1.6961
07/10/2011,2.1642
10/10/2011,1.9604
11/10/2011,1.9032
12/10/2011,1.7025
13/10/2011,1.4014
14/10/2011,1.7127
17/10/2011,2.0505
18/10/2011,1.6361
19/10/2011,1.78
20/10/2011,1.4024
21/10/2011,2.1206
24/10/2011,2.2417
25/10/2011,1.9404
26/10/2011,1.6255
27/10/2011,1.6048
28/10/2011,1.5431
31/10/2011,3.0181
01/11/2011,2.2971
02/11/2011,2.2875
03/11/2011,1.5538
04/11/2011,1.5691
07/11/2011,2.2956
08/11/2011,1.9088
09/11/2011,2.167
10/11/2011,1.9648
11/11/2011,1.4825
14/11/2011,1.1974
15/11/2011,1.5872
16/11/2011,2.5447
17/11/2011,2.1435
18/11/2011,1.0502
21/11/2011,1.8197
22/11/2011,1.6551
23/11/2011,2.1585
25/11/2011,1.8758
28/11/2011,2.7032
29/11/2011,2.0658
30/11/2011,2.3298
01/12/2011,1.545
02/12/2011,1.6684
05/12/2011,1.5171
06/12/2011,1.3962
07/12/2011,1.1676
08/12/2011,1.2327
09/12/2011,1.6036
12/12/2011,1.6558
13/12/2011,1.5675
14/12/2011,1.7368
15/12/2011,1.8042
16/12/2011,1.358
19/12/2011,1.6007
20/12/2011,1.2458
21/12/2011,2.5262
22/12/2011,3.0581
23/12/2011,1.8363
27/12/2011,1.3763
28/12/2011,2.1877
29/12/2011,2.7975
30/12/2011,1.489
03/01/2012,1.8775
04/01/2012,1.9947
05/01/2012,1.6922
06/01/2012,1.4481
09/01/2012,1.8928
10/01/2012,1.4425
11/01/2012,1.9404
12/01/2012,1.5781
13/01/2012,1.7173
17/01/2012,1.4375
18/01/2012,1.6122
19/01/2012,1.1512
20/01/2012,2.1851
23/01/2012,2.2283
24/01/2012,1.9102
25/01/2012,1.6816
26/01/2012,1.9766
27/01/2012,1.7539
30/01/2012,1.9295
31/01/2012,1.5941
01/02/2012,1.5858
02/02/2012,1.9748
03/02/2012,1.2497
06/02/2012,1.6808
07/02/2012,2.6268
08/02/2012,1.4335
09/02/2012,1.462
10/02/2012,1.5588
13/02/2012,2.2756
14/02/2012,1.7866
15/02/2012,2.4069
16/02/2012,1.6504
17/02/2012,2.1243
21/02/2012,1.4385
22/02/2012,2.1055
23/02/2012,2.1292
24/02/2012,2.2387
27/02/2012,2.0561
28/02/2012,1.2066
29/02/2012,2.36
01/03/2012,2.3523
02/03/2012,2.0783
05/03/2012,2.0933
06/03/2012,1.6452
07/03/2012,1.7744
08/03/2012,0.9998
09/03/2012,1.4605
12/03/2012,1.4091
13/03/2012,1.3571
14/03/2012,1.0281
15/03/2012,1.2179
16/03/2012,2.0736
19/03/2012,1.3929
20/03/2012,2.1907
21/03/2012,2.7765
22/03/2012,2.4117
23/03/2012,2.4908
26/03/2012,1.7316
27/03/2012,2.4943
28/03/2012,2.5719
29/03/2012,1.7008
30/03/2012,2.4408
02/04/2012,1.6497
03/04/2012,1.7409
04/04/2012,1.799
05/04/2012,2.271
09/04/2012,2.3874
10/04/2012,1.5633
11/04/2012,1.9726
12/04/2012,1.9341
13/04/2012,2.1493
16/04/2012,1.5593
17/04/2012,1.4682
18/04/2012,2.6624
19/04/2012,1.6957
20/04/2012,1.5242
23/04/2012,1.0654
24/04/2012,2.5659
25/04/2012,1.4706
26/04/2012,1.1891
27/04/2012,1.8236
30/04/2012,2.0694
01/05/2012,1.665
02/05/2012,2.3326
03/05/2012,1.2687
04/05/2012,1.7556
07/05/2012,1.3453
08/05/2012,2.0176
09/05/2012,1.6683
10/05/2012,1.531
11/05/2012,2.4591
14/05/2012,2.6076
15/05/2012,2.3028
16/05/2012,2.3024
17/05/2012,2.4974
18/05/2012,2.1785
21/05/2012,1.7264
22/05/2012,1.6872
23/05/2012,1.8536
24/05/2012,1.5609
25/05/2012,2.1053
29/05/2012,1.6075
30/05/2012,2.1415
31/05/2012,2.1609
01/06/2012,2.6044
04/06/2012,2.1404
05/06/2012,2.1743
06/06/2012,2.1475
07/06/2012,1.3945
08/06/2012,1.2117
11/06/2012,1.5358
12/06/2012,1.5411
13/06/2012,1.9326
14/06/2012,1.368
15/06/2012,1.8423
18/06/2012,1.7344
19/06/2012,1.6301
20/06/2012,1.9758
21/06/2012,1.9588
22/06/2012,1.5325
25/06/2012,1.8697
26/06/2012,1.5154
27/06/2012,1.3777
28/06/2012,1.9177
29/06/2012,1.0623
02/07/2012,1.6681
03/07/2012,1.2645
05/07/2012,1.5856
06/07/2012,1.9052
09/07/2012,1.9967
10/07/2012,1.6616
11/07/2012,1.2145
12/07/2012,1.4637
13/07/2012,1.5339
16/07/2012,1.4884
17/07/2012,1.086
18/07/2012,1.4151
19/07/2012,1.2389
20/07/2012,2.0771
23/07/2012,1.3918
24/07/2012,2.0295
25/07/2012,1.3867
26/07/2012,1.5025
27/07/2012,1.1898
30/07/2012,1.0487
31/07/2012,1.0143
01/08/2012,1.2149
02/08/2012,1.2068
03/08/2012,1.1934
06/08/2012,1.4883
07/08/2012,1.344
08/08/2012,1.384
09/08/2012,1.7084
10/08/2012,1.4924
13/08/2012,2.1606
14/08/2012,1.7714
15/08/2012,1.1784
16/08/2012,1.0829
17/08/2012,1.5647
20/08/2012,2.4104
21/08/2012,1.2627
22/08/2012,2.026
23/08/2012,1.6257
24/08/2012,1.5602
27/08/2012,1.8575
28/08/2012,1.7973
29/08/2012,1.7446
30/08/2012,1.5074
31/08/2012,1.6643
04/09/2012,1.3506
05/09/2012,2.0645
06/09/2012,1.2134
07/09/2012,1.6422
10/09/2012,1.9765
11/09/2012,1.7978
12/09/2012,1.2013
13/09/2012,0.9629
14/09/2012,0.9854
17/09/2012,1.3321
18/09/2012,1.3753
19/09/2012,1.4238
20/09/2012,1.2183
21/09/2012,1.5261
24/09/2012,2.1125
25/09/2012,1.6445
26/09/2012,1.7073
27/09/2012,1.7839
28/09/2012,2.2141
01/10/2012,1.6676
02/10/2012,2.1678
03/10/2012,1.9649
04/10/2012,1.5481
05/10/2012,1.7358
08/10/2012,1.8192
09/10/2012,2.0374
10/10/2012,1.7418
11/10/2012,1.842
12/10/2012,2.0469
15/10/2012,1.5465
16/10/2012,1.0367
17/10/2012,1.742
18/10/2012,1.4059
19/10/2012,2.0171
22/10/2012,1.6498
23/10/2012,1.032
24/10/2012,1.5126
25/10/2012,1.645
26/10/2012,1.6294
31/10/2012,1.362
01/11/2012,1.8381
02/11/2012,1.3953
05/11/2012,1.3765
06/11/2012,1.4348
07/11/2012,1.2163
08/11/2012,1.5246
09/11/2012,2.1508
12/11/2012,1.6868
13/11/2012,1.2794
14/11/2012,1.9505
15/11/2012,1.8617
16/11/2012,1.638
19/11/2012,1.2632
20/11/2012,1.9946
21/11/2012,2.1687
23/11/2012,1.4386
26/11/2012,1.1923
27/11/2012,2.0766
28/11/2012,1.1389
29/11/2012,1.6507
30/11/2012,1.8291
03/12/2012,1.729
04/12/2012,1.8883
05/12/2012,1.5946
06/12/2012,1.8098
07/12/2012,1.1636
10/12/2012,1.5282
11/12/2012,0.9697
12/12/2012,1.5091
13/12/2012,1.3871
14/12/2012,1.631
17/12/2012,1.0835
18/12/2012,1.0917
19/12/2012,1.3869
20/12/2012,1.4647
21/12/2012,2.0257
24/12/2012,1.9462
26/12/2012,1.7817
27/12/2012,1.7289
28/12/2012,1.7161
31/12/2012,1.5244
02/01/2013,1.486
03/01/2013,1.216
04/01/2013,0.9972
07/01/2013,1.467
08/01/2013,2.0751
09/01/2013,1.3295
10/01/2013,1.1942
11/01/2013,1.3383
14/01/2013,1.559
15/01/2013,1.8048
16/01/2013,1.8489
17/01/2013,1.0237
18/01/2013,1.5108
22/01/2013,1.532
23/01/2013,1.4917
24/01/2013,1.301
25/01/2013,1.293
28/01/2013,1.5608
29/01/2013,1.7836
30/01/2013,2.4338
31/01/2013,1.9752
01/02/2013,1.9399
04/02/2013,1.9599
05/02/2013,1.7335
06/02/2013,1.8586
07/02/2013,1.7494
08/02/2013,1.5712
11/02/2013,1.9901
12/02/2013,1.3999
13/02/2013,1.8619
14/02/2013,1.3973
15/02/2013,2.0823
19/02/2013,1.8864
20/02/2013,2.1329
21/02/2013,1.5508
22/02/2013,1.8892
25/02/2013,2.1766
26/02/2013,1.7869
27/02/2013,1.7949
28/02/2013,1.8364
01/03/2013,1.9917
04/03/2013,2.1904
05/03/2013,1.2859
06/03/2013,1.228
07/03/2013,1.3913
08/03/2013,1.3468
11/03/2013,1.4183
12/03/2013,1.3831
13/03/2013,1.1482
14/03/2013,1.0921
15/03/2013,1.9222
18/03/2013,1.6426
19/03/2013,1.9872
20/03/2013,1.8281
21/03/2013,1.6326
22/03/2013,1.9572
25/03/2013,2.2972
26/03/2013,1.541
27/03/2013,1.2417
28/03/2013,1.4989
01/04/2013,1.2745
02/04/2013,1.294
03/04/2013,1.3807
04/04/2013,1.4318
05/04/2013,1.2854
08/04/2013,1.0857
09/04/2013,1.1074
10/04/2013,1.0133
11/04/2013,1.0782
12/04/2013,1.4144
15/04/2013,1.9037
16/04/2013,1.314
17/04/2013,2.0209
18/04/2013,1.4319
19/04/2013,1.5371
22/04/2013,1.7278
23/04/2013,1.2916
24/04/2013,1.3032
25/04/2013,1.4381
26/04/2013,1.5386
29/04/2013,1.6759
30/04/2013,1.6629
01/05/2013,1.5574
02/05/2013,1.6773
03/05/2013,1.0087
06/05/2013,1.038
07/05/2013,1.162
08/05/2013,1.0595
09/05/2013,1.2663
10/05/2013,1.6166
13/05/2013,1.2491
14/05/2013,1.0725
15/05/2013,0.8621
16/05/2013,1.5533
17/05/2013,1.4296
20/05/2013,1.463
21/05/2013,1.6334
22/05/2013,1.3284
23/05/2013,1.5116
24/05/2013,2.1354
28/05/2013,1.6011
29/05/2013,1.3547
30/05/2013,1.8712
31/05/2013,1.8335
03/06/2013,1.1884
04/06/2013,1.7947
05/06/2013,1.4463
06/06/2013,1.8612
07/06/2013,1.5808
10/06/2013,1.8022
11/06/2013,1.8381
12/06/2013,1.8769
13/06/2013,1.5904
14/06/2013,1.6562
17/06/2013,1.4846
18/06/2013,1.1005
19/06/2013,1.7496
20/06/2013,1.7587
21/06/2013,1.692
24/06/2013,1.464
25/06/2013,1.9968
26/06/2013,1.4832
27/06/2013,1.7199
28/06/2013,1.7254
01/07/2013,1.7099
02/07/2013,1.3215
03/07/2013,1.8061
05/07/2013,1.5034
08/07/2013,1.5179
09/07/2013,1.1311
10/07/2013,1.2478
11/07/2013,1.208
12/07/2013,1.3493
15/07/2013,1.2153
16/07/2013,1.7432
17/07/2013,1.4508
18/07/2013,1.1498
19/07/2013,1.3801
22/07/2013,2.293
23/07/2013,1.6229
24/07/2013,1.9064
25/07/2013,1.6524
26/07/2013,1.96
29/07/2013,1.9535
30/07/2013,1.3466
31/07/2013,1.65
01/08/2013,1.2454
02/08/2013,1.7366
05/08/2013,1.5836
06/08/2013,2.7729
07/08/2013,1.6714
08/08/2013,1.3506
09/08/2013,2.105
12/08/2013,1.4606
13/08/2013,1.2754
14/08/2013,1.7346
15/08/2013,1.4835
16/08/2013,1.9059
19/08/2013,1.7626
20/08/2013,1.7228
21/08/2013,2.4101
22/08/2013,1.6968
23/08/2013,2.0974
26/08/2013,1.9976
27/08/2013,1.7042
28/08/2013,1.1405
29/08/2013,1.8333
30/08/2013,2.119
03/09/2013,2.0315
04/09/2013,1.5444
05/09/2013,1.9845
06/09/2013,1.6058
09/09/2013,1.3208
10/09/2013,1.4347
11/09/2013,1.3993
12/09/2013,1.4044
13/09/2013,1.4504
16/09/2013,1.2232
17/09/2013,1.5507
18/09/2013,1.0359
19/09/2013,0.9592
20/09/2013,1.8007
23/09/2013,2.0942
24/09/2013,1.5194
25/09/2013,1.9895
26/09/2013,1.3541
27/09/2013,1.8464
30/09/2013,2.4034
01/10/2013,1.7899
02/10/2013,1.4314
03/10/2013,1.5427
04/10/2013,1.774
07/10/2013,2.0432
08/10/2013,1.5929
09/10/2013,1.6816
10/10/2013,1.446
11/10/2013,1.9046
14/10/2013,1.4437
15/10/2013,1.4826
16/10/2013,1.5872
17/10/2013,1.2396
18/10/2013,1.379
21/10/2013,1.5009
22/10/2013,1.0577
23/10/2013,1.8078
24/10/2013,1.5331
25/10/2013,1.6756
28/10/2013,1.5347
29/10/2013,1.6986
30/10/2013,1.3926
31/10/2013,1.5869
01/11/2013,1.5809
04/11/2013,1.6903
05/11/2013,1.3151
06/11/2013,1.3711
07/11/2013,1.5719
08/11/2013,1.74
11/11/2013,1.1626
12/11/2013,0.9703
13/11/2013,1.3384
14/11/2013,1.1133
15/11/2013,1.5805
18/11/2013,1.5468
19/11/2013,1.283
20/11/2013,2.213
21/11/2013,1.6704
22/11/2013,1.3359
25/11/2013,1.5318
26/11/2013,1.5863
27/11/2013,1.4243
29/11/2013,1.4294
02/12/2013,1.5849
03/12/2013,1.764
04/12/2013,1.6327
05/12/2013,1.4225
06/12/2013,1.8036
09/12/2013,1.4318
10/12/2013,1.8168
11/12/2013,1.2404
12/12/2013,1.3398
13/12/2013,2.073
16/12/2013,1.8797
17/12/2013,1.4416
18/12/2013,1.3418
19/12/2013,1.0029
20/12/2013,2.0795
23/12/2013,1.396
24/12/2013,1.2459
26/12/2013,1.0848
27/12/2013,1.058
30/12/2013,1.3153
31/12/2013,1.0429
02/01/2014,1.8041
03/01/2014,1.9589
06/01/2014,1.3972
07/01/2014,2.034
08/01/2014,1.7187
09/01/2014,1.6091
10/01/2014,1.4204
13/01/2014,1.6335
14/01/2014,1.1161
15/01/2014,1.1071
16/01/2014,1.5087
17/01/2014,2.2506
21/01/2014,2.0353
22/01/2014,3.2337
23/01/2014,2.0968
24/01/2014,1.9657
27/01/2014,1.8048
28/01/2014,1.6683
29/01/2014,1.6406
30/01/2014,1.6008
31/01/2014,2.0478
03/02/2014,1.8484
04/02/2014,1.888
05/02/2014,1.8982
06/02/2014,1.8624
07/02/2014,1.461
10/02/2014,1.4958
11/02/2014,1.5302
12/02/2014,1.3962
13/02/2014,1.3611
14/02/2014,1.3481
18/02/2014,1.3127
19/02/2014,1.8092
20/02/2014,1.9541
21/02/2014,1.4039
24/02/2014,1.3736
25/02/2014,1.704
26/02/2014,1.6867
27/02/2014,1.7626
28/02/2014,1.3997
03/03/2014,2.281
04/03/2014,1.8082
05/03/2014,2.0212
06/03/2014,1.6569
07/03/2014,1.7462
10/03/2014,2.2754
11/03/2014,1.4166
12/03/2014,1.7584
13/03/2014,1.4122
14/03/2014,2.5469
17/03/2014,1.5176
18/03/2014,1.8702
19/03/2014,1.4204
20/03/2014,1.7053
21/03/2014,1.9683
24/03/2014,1.8481
25/03/2014,1.7868
26/03/2014,1.9493
27/03/2014,1.6259
28/03/2014,1.8894
31/03/2014,1.3857
01/04/2014,2.1606
02/04/2014,1.1316
03/04/2014,1.2085
04/04/2014,1.7747
07/04/2014,1.5854
08/04/2014,1.6699
09/04/2014,1.4508
10/04/2014,1.6436
11/04/2014,1.9486
14/04/2014,2.6243
15/04/2014,1.5414
16/04/2014,1.4863
17/04/2014,1.4735
21/04/2014,1.7605
22/04/2014,1.1825
23/04/2014,1.7173
24/04/2014,1.6958
25/04/2014,2.5438
28/04/2014,1.3654
29/04/2014,1.344
30/04/2014,1.7556
01/05/2014,1.7199
02/05/2014,1.7943
05/05/2014,1.4956
06/05/2014,1.347
07/05/2014,1.2834
08/05/2014,1.4175
09/05/2014,1.5597
12/05/2014,1.3474
13/05/2014,1.2319
14/05/2014,1.7537
15/05/2014,1.4706
16/05/2014,1.7253
19/05/2014,2.2014
20/05/2014,2.1485
21/05/2014,2.1566
22/05/2014,1.5334
23/05/2014,1.3097
27/05/2014,1.9044
28/05/2014,1.727
29/05/2014,1.0247
30/05/2014,1.4694
02/06/2014,1.6742
03/06/2014,1.9864
04/06/2014,1.353
05/06/2014,1.1711
06/06/2014,1.3602
09/06/2014,1.1964
10/06/2014,1.6561
11/06/2014,1.5395
12/06/2014,1.7286
13/06/2014,1.8073
16/06/2014,2.1516
17/06/2014,1.8773
18/06/2014,1.9404
19/06/2014,1.5536
20/06/2014,1.8862
23/06/2014,2.0245
24/06/2014,1.8932
25/06/2014,2.0471
26/06/2014,2.0654
27/06/2014,2.0129
30/06/2014,2.3096
01/07/2014,1.3316
02/07/2014,1.7961
03/07/2014,1.8822
07/07/2014,2.4879
08/07/2014,1.9497
09/07/2014,2.4929
10/07/2014,1.8546
11/07/2014,2.6097
14/07/2014,1.4488
15/07/2014,1.6488
16/07/2014,2.2402
17/07/2014,2.1214
18/07/2014,2.4274
21/07/2014,2.7191
22/07/2014,1.6395
23/07/2014,1.4247
24/07/2014,1.9566
25/07/2014,2.511
28/07/2014,1.8584
29/07/2014,1.7818
30/07/2014,1.5874
31/07/2014,1.9479
01/08/2014,2.3565
04/08/2014,2.7009
05/08/2014,2.3579
06/08/2014,2.2242
07/08/2014,2.0365
08/08/2014,2.1761
11/08/2014,2.0635
12/08/2014,1.7936
13/08/2014,1.5251
14/08/2014,1.8447
15/08/2014,2.713
18/08/2014,1.6395
19/08/2014,1.748
20/08/2014,1.2104
21/08/2014,1.4873
22/08/2014,2.1518
25/08/2014,1.3849
26/08/2014,1.2389
27/08/2014,1.5694
28/08/2014,1.6823
29/08/2014,2.3853
02/09/2014,1.7621
03/09/2014,1.5313
04/09/2014,1.4651
05/09/2014,2.003
08/09/2014,1.5887
09/09/2014,2.2846
10/09/2014,2.6353
11/09/2014,2.0497
12/09/2014,2.0715
15/09/2014,2.1934
16/09/2014,1.4026
17/09/2014,1.493
18/09/2014,1.5689
19/09/2014,2.0693
22/09/2014,1.6241
23/09/2014,2.1062
24/09/2014,1.4994
25/09/2014,1.7876
26/09/2014,2.4667
29/09/2014,2.7771
30/09/2014,2.1086
01/10/2014,1.8311
02/10/2014,1.5516
03/10/2014,2.0212
06/10/2014,2.0501
07/10/2014,2.0906
08/10/2014,1.5918
09/10/2014,2.0892
10/10/2014,2.4369
13/10/2014,2.3831
14/10/2014,2.4023
15/10/2014,2.457
16/10/2014,2.1338
17/10/2014,2.7397
20/10/2014,2.2962
21/10/2014,1.8718
22/10/2014,2.2172
23/10/2014,1.4111
24/10/2014,1.6784
27/10/2014,1.7318
28/10/2014,1.6577
29/10/2014,1.4113
30/10/2014,1.8489
31/10/2014,1.0358
03/11/2014,1.6267
04/11/2014,1.3998
05/11/2014,1.4735
06/11/2014,1.2484
07/11/2014,1.6369
10/11/2014,1.7557
11/11/2014,1.6169
12/11/2014,1.3155
13/11/2014,1.461
14/11/2014,1.7299
17/11/2014,1.8555
18/11/2014,1.4524
19/11/2014,1.7929
20/11/2014,2.1624
21/11/2014,1.5806
24/11/2014,1.6827
25/11/2014,2.0678
26/11/2014,1.585
28/11/2014,2.3088
01/12/2014,2.485
02/12/2014,2.0066
03/12/2014,1.2398
04/12/2014,1.7708
05/12/2014,1.9208
08/12/2014,2.1142
09/12/2014,1.9412
10/12/2014,1.9918
11/12/2014,1.7917
12/12/2014,2.4932
15/12/2014,2.4606
16/12/2014,2.0368
17/12/2014,2.6295
18/12/2014,1.054
19/12/2014,1.6966
22/12/2014,1.5349
23/12/2014,1.8497
24/12/2014,1.6247
26/12/2014,1.0943
29/12/2014,1.3375
30/12/2014,1.8046
31/12/2014,1.4753
02/01/2015,2.6003
05/01/2015,2.1918
06/01/2015,1.9188
07/01/2015,1.5914
08/01/2015,1.7127
09/01/2015,2.0399
12/01/2015,2.3915
13/01/2015,1.5781
14/01/2015,1.9957
15/01/2015,1.7078
16/01/2015,2.1522
20/01/2015,2.0328
21/01/2015,2.0261
22/01/2015,1.8605
23/01/2015,1.9269
26/01/2015,1.7965
27/01/2015,1.8526
28/01/2015,1.7789
29/01/2015,1.9886
30/01/2015,2.5322
02/02/2015,1.6277
03/02/2015,1.9433
04/02/2015,2.2517
05/02/2015,1.7288
06/02/2015,1.7622
09/02/2015,1.8963
10/02/2015,1.6849
11/02/2015,1.8508
12/02/2015,1.5616
13/02/2015,1.966
17/02/2015,1.74
18/02/2015,2.1942
19/02/2015,1.4604
20/02/2015,1.7755
23/02/2015,1.5474
24/02/2015,2.0754
25/02/2015,1.8885
26/02/2015,1.9726
27/02/2015,2.0305
02/03/2015,1.9719
03/03/2015,2.5401
04/03/2015,1.9798
05/03/2015,2.0358
06/03/2015,2.1453
09/03/2015,2.0726
10/03/2015,1.6703
11/03/2015,2.2623
12/03/2015,1.8999
13/03/2015,2.0947
16/03/2015,1.7917
17/03/2015,1.5029
18/03/2015,2.2123
19/03/2015,1.3948
20/03/2015,1.5652
23/03/2015,1.9132
24/03/2015,1.9681
25/03/2015,2.0733
26/03/2015,1.8176
27/03/2015,1.8887
30/03/2015,2.1193
31/03/2015,1.6889
01/04/2015,2.2349
02/04/2015,1.8957
06/04/2015,2.0885
07/04/2015,1.5846
08/04/2015,2.1651
09/04/2015,1.8815
10/04/2015,2.0431
13/04/2015,1.5453
14/04/2015,1.9006
15/04/2015,1.5297
16/04/2015,1.6174
17/04/2015,2.4584
20/04/2015,2.0118
21/04/2015,1.7195
22/04/2015,2.0123
23/04/2015,2.1572
24/04/2015,1.4429
27/04/2015,2.0124
28/04/2015,1.5302
29/04/2015,1.8456
30/04/2015,2.1427
01/05/2015,1.8671
04/05/2015,2.3793
05/05/2015,2.1429
06/05/2015,1.8614
07/05/2015,1.6645
08/05/2015,1.6581
11/05/2015,1.9695
12/05/2015,2.74
13/05/2015,1.905
14/05/2015,1.3252
15/05/2015,2.3943
18/05/2015,1.8521
19/05/2015,1.5428
20/05/2015,2.3208
21/05/2015,1.568
22/05/2015,1.9675
26/05/2015,1.9609
27/05/2015,1.6028
28/05/2015,2.1674
29/05/2015,2.6658
01/06/2015,1.7111
02/06/2015,2.4456
03/06/2015,1.8001
04/06/2015,2.9818
05/06/2015,2.148
08/06/2015,1.925
09/06/2015,2.0873
10/06/2015,2.0137
11/06/2015,1.955
12/06/2015,1.9127
15/06/2015,1.8048
16/06/2015,1.5813
17/06/2015,2.1454
18/06/2015,1.3067
19/06/2015,2.4732
22/06/2015,1.8752
23/06/2015,2.3395
24/06/2015,1.9067
25/06/2015,1.7394
26/06/2015,1.8675
29/06/2015,2.6267
30/06/2015,2.035
01/07/2015,2.2622
02/07/2015,2.3319
06/07/2015,1.986
07/07/2015,1.6446
08/07/2015,3.1093
09/07/2015,2.2862
10/07/2015,1.9018
13/07/2015,2.1179
14/07/2015,1.5207
15/07/2015,1.5848
16/07/2015,1.2475
17/07/2015,1.994
20/07/2015,1.6931
21/07/2015,1.8313
22/07/2015,2.0398
23/07/2015,1.6771
24/07/2015,2.5714
27/07/2015,2.4329
28/07/2015,1.8992
29/07/2015,1.7488
30/07/2015,1.4163
31/07/2015,2.2559
03/08/2015,1.8572
04/08/2015,2.1166
05/08/2015,2.0966
06/08/2015,1.8212
07/08/2015,2.0637
10/08/2015,1.847
11/08/2015,2.0972
12/08/2015,1.9057
13/08/2015,2.1706
14/08/2015,2.2562
17/08/2015,1.5138
18/08/2015,1.5695
19/08/2015,1.8859
20/08/2015,2.3356
21/08/2015,3.4166
24/08/2015,3.7699
25/08/2015,2.3902
26/08/2015,2.5202
27/08/2015,2.1978
28/08/2015,2.1258
31/08/2015,2.3904
01/09/2015,2.5324
02/09/2015,2.4782
03/09/2015,1.7299
04/09/2015,2.8949
08/09/2015,1.7675
09/09/2015,1.9544
10/09/2015,1.7509
11/09/2015,1.9519
14/09/2015,1.6072
15/09/2015,1.453
16/09/2015,1.9713
17/09/2015,1.479
18/09/2015,1.833
21/09/2015,1.993
22/09/2015,1.6484
23/09/2015,1.5134
24/09/2015,1.5664
25/09/2015,2.0758
28/09/2015,2.0383
29/09/2015,1.8751
30/09/2015,1.5249
01/10/2015,1.5547
02/10/2015,1.9685
05/10/2015,1.524
06/10/2015,1.7668
07/10/2015,1.6548
08/10/2015,1.363
09/10/2015,1.2113
12/10/2015,1.9554
13/10/2015,1.5321
14/10/2015,1.8466
15/10/2015,1.7713
16/10/2015,2.2001
19/10/2015,1.634
20/10/2015,1.6314
21/10/2015,1.917
22/10/2015,1.2093
23/10/2015,1.1376
26/10/2015,1.4193
27/10/2015,1.6271
28/10/2015,1.1934
29/10/2015,1.1352
30/10/2015,1.8896
02/11/2015,1.5368
03/11/2015,1.2331
04/11/2015,1.4589
05/11/2015,1.9211
06/11/2015,1.8782
09/11/2015,2.6609
10/11/2015,1.5513
11/11/2015,2.0548
12/11/2015,2.1373
13/11/2015,2.1939
16/11/2015,1.6781
17/11/2015,1.8847
18/11/2015,2.2407
19/11/2015,1.4177
20/11/2015,2.1585
23/11/2015,2.467
24/11/2015,2.4731
25/11/2015,2.4084
27/11/2015,2.0826
30/11/2015,2.6998
01/12/2015,2.2419
02/12/2015,1.7992
03/12/2015,2.0879
04/12/2015,1.6935
07/12/2015,2.0687
08/12/2015,1.3717
09/12/2015,1.7459
10/12/2015,2.096
11/12/2015,2.1827
14/12/2015,2.6282
15/12/2015,1.8096
16/12/2015,1.6646
17/12/2015,1.6948
18/12/2015,2.2538
21/12/2015,1.9731
22/12/2015,2.1304
23/12/2015,1.709
24/12/2015,2.0914
28/12/2015,1.9381
29/12/2015,1.7946
30/12/2015,2.5179
31/12/2015,2.0291
04/01/2016,1.8314
05/01/2016,2.1311
06/01/2016,1.9702
07/01/2016,2.368
08/01/2016,2.2599
11/01/2016,2.3021
12/01/2016,1.6586
13/01/2016,2.0426
14/01/2016,1.7964
15/01/2016,2.3245
19/01/2016,1.9037
20/01/2016,2.451
21/01/2016,1.6636
22/01/2016,1.6627
25/01/2016,1.7101
26/01/2016,1.304
27/01/2016,1.4791
28/01/2016,1.8951
29/01/2016,1.5231
01/02/2016,1.7944
02/02/2016,1.7537
03/02/2016,1.6362
04/02/2016,2.2406
05/02/2016,1.8746
08/02/2016,1.8567
09/02/2016,2.0121
10/02/2016,1.7557
11/02/2016,1.9546
12/02/2016,1.9181
16/02/2016,2.0145
17/02/2016,1.9028
18/02/2016,1.6743
19/02/2016,2.0718
22/02/2016,1.7751
23/02/2016,2.6328
24/02/2016,1.9361
25/02/2016,1.7891
26/02/2016,1.5991
29/02/2016,1.8716
01/03/2016,1.2549
02/03/2016,1.8053
03/03/2016,1.247
04/03/2016,1.2538
07/03/2016,1.7426
08/03/2016,1.8504
09/03/2016,1.511
10/03/2016,1.7945
11/03/2016,1.2197
14/03/2016,1.5393
15/03/2016,1.3861
16/03/2016,1.5704
17/03/2016,1.0666
18/03/2016,1.3107
21/03/2016,1.549
22/03/2016,1.6458
23/03/2016,1.4416
24/03/2016,1.9265
28/03/2016,1.515
29/03/2016,1.5134
30/03/2016,1.077
31/03/2016,2.037
01/04/2016,1.5237
04/04/2016,1.4246
05/04/2016,1.7066
06/04/2016,1.8106
07/04/2016,1.5454
08/04/2016,1.9695
11/04/2016,1.6416
12/04/2016,1.3705
13/04/2016,1.0886
14/04/2016,1.2925
15/04/2016,1.8108
18/04/2016,1.9399
19/04/2016,1.2589
20/04/2016,1.5973
21/04/2016,1.5354
22/04/2016,1.9537
25/04/2016,1.5164
26/04/2016,1.5482
27/04/2016,1.5719
28/04/2016,1.5538
29/04/2016,1.7709
02/05/2016,1.491
03/05/2016,1.8825
04/05/2016,1.3201
05/05/2016,2.0527
06/05/2016,1.758
09/05/2016,2.461
10/05/2016,1.5661
11/05/2016,1.8909
12/05/2016,2.0055
13/05/2016,2.0583
16/05/2016,1.4327
17/05/2016,1.5104
18/05/2016,1.6241
19/05/2016,1.8296
20/05/2016,1.4943
23/05/2016,2.0283
24/05/2016,1.5029
25/05/2016,1.247
26/05/2016,1.6079
27/05/2016,1.4717
31/05/2016,1.8285
01/06/2016,1.8151
02/06/2016,1.5953
03/06/2016,1.2374
06/06/2016,1.6519
07/06/2016,1.3012
08/06/2016,1.3734
09/06/2016,1.5299
10/06/2016,1.8592
13/06/2016,2.0057
14/06/2016,1.9831
15/06/2016,2.3522
16/06/2016,1.8664
17/06/2016,1.9374
20/06/2016,1.7999
21/06/2016,2.0381
22/06/2016,1.4329
23/06/2016,1.798
24/06/2016,2.0177
27/06/2016,1.5219
28/06/2016,1.6202
29/06/2016,1.6037
30/06/2016,1.6633
01/07/2016,1.8915
05/07/2016,2.0979
06/07/2016,1.7289
07/07/2016,1.599
08/07/2016,1.0763
11/07/2016,0.9745
12/07/2016,1.0288
13/07/2016,1.2771
14/07/2016,0.9493
15/07/2016,1.5591
18/07/2016,1.586
19/07/2016,1.5869
20/07/2016,1.2602
21/07/2016,1.6792
22/07/2016,1.6424
25/07/2016,1.3808
26/07/2016,1.5519
27/07/2016,1.3255
28/07/2016,1.5075
29/07/2016,1.755
01/08/2016,1.8473
02/08/2016,1.5108
03/08/2016,2.0492
04/08/2016,1.8489
05/08/2016,1.5816
08/08/2016,1.469
09/08/2016,1.618
10/08/2016,1.5032
11/08/2016,1.5697
12/08/2016,1.5257
15/08/2016,1.3874
16/08/2016,1.5801
17/08/2016,1.5339
18/08/2016,1.42
19/08/2016,1.9202
22/08/2016,1.7528
23/08/2016,1.4597
24/08/2016,1.4985
25/08/2016,1.8784
26/08/2016,1.611
29/08/2016,1.4684
30/08/2016,1.6588
31/08/2016,2.2352
01/09/2016,2.0368
02/09/2016,2.2284
06/09/2016,1.5672
07/09/2016,2.0112
08/09/2016,1.8659
09/09/2016,2.1078
12/09/2016,1.5642
13/09/2016,1.6451
14/09/2016,1.5339
15/09/2016,1.6379
16/09/2016,1.7454
19/09/2016,1.7253
20/09/2016,1.5449
21/09/2016,2.1602
22/09/2016,1.6319
23/09/2016,2.1384
26/09/2016,1.8473
27/09/2016,1.6839
28/09/2016,1.494
29/09/2016,1.8451
30/09/2016,1.7333
03/10/2016,1.9781
04/10/2016,1.6831
05/10/2016,1.8055
06/10/2016,1.9035
07/10/2016,1.8331
10/10/2016,1.7884
11/10/2016,1.6397
12/10/2016,2.0569
13/10/2016,1.6575
14/10/2016,1.7191
17/10/2016,1.6673
18/10/2016,1.4872
19/10/2016,1.6179
20/10/2016,1.462
21/10/2016,2.0243
24/10/2016,2.2182
25/10/2016,2.0554
26/10/2016,1.4332
27/10/2016,1.5287
28/10/2016,1.9442
31/10/2016,1.7825
01/11/2016,1.9711
02/11/2016,1.5709
03/11/2016,1.8786
04/11/2016,2.0107
07/11/2016,1.7455
08/11/2016,2.1622
09/11/2016,1.5526
10/11/2016,1.2968
11/11/2016,1.8522
14/11/2016,1.2398
15/11/2016,1.3497
16/11/2016,1.1796
17/11/2016,1.1399
18/11/2016,1.4357
21/11/2016,1.2584
22/11/2016,1.5302
23/11/2016,1.5012
25/11/2016,1.1065
28/11/2016,1.6281
29/11/2016,1.6572
30/11/2016,1.2578
01/12/2016,1.456
02/12/2016,1.2317
05/12/2016,1.2002
06/12/2016,1.1318
07/12/2016,0.9155
08/12/2016,0.8772
09/12/2016,1.0804
12/12/2016,1.2253
13/12/2016,0.8139
14/12/2016,1.2921
15/12/2016,1.1638
16/12/2016,1.3888
19/12/2016,1.446
20/12/2016,1.29
21/12/2016,1.7607
22/12/2016,1.2852
23/12/2016,1.554
27/12/2016,1.2267
28/12/2016,1.4693
29/12/2016,1.6232
30/12/2016,1.3443
03/01/2017,1.5894
04/01/2017,1.1794
05/01/2017,1.6521
06/01/2017,1.5211
09/01/2017,1.8396
10/01/2017,1.7807
11/01/2017,1.5935
12/01/2017,1.5215
13/01/2017,1.5641
17/01/2017,1.6376
18/01/2017,1.769
19/01/2017,1.5983
20/01/2017,2.1077
23/01/2017,1.5784
24/01/2017,1.093
25/01/2017,0.9779
26/01/2017,1.7599
27/01/2017,1.5403
30/01/2017,1.8927
31/01/2017,1.7823
01/02/2017,1.622
02/02/2017,2.2106
03/02/2017,1.917
06/02/2017,1.6128
07/02/2017,1.6366
08/02/2017,1.2078
09/02/2017,1.3343
10/02/2017,1.2131
13/02/2017,1.1713
14/02/2017,1.1595
15/02/2017,1.3919
16/02/2017,1.6725
17/02/2017,1.7527
21/02/2017,1.1542
22/02/2017,1.4752
23/02/2017,1.2883
24/02/2017,1.7133
27/02/2017,1.6159
28/02/2017,1.5452
01/03/2017,1.1508
02/03/2017,1.6391
03/03/2017,1.5538
06/03/2017,1.4391
07/03/2017,1.6928
08/03/2017,1.5865
09/03/2017,2.067
10/03/2017,1.9373
13/03/2017,1.4593
14/03/2017,1.7086
15/03/2017,1.4209
16/03/2017,1.5115
17/03/2017,2.5507
20/03/2017,2.0436
21/03/2017,1.8981
22/03/2017,1.9508
23/03/2017,1.6563
24/03/2017,2.5933
27/03/2017,1.708
28/03/2017,1.3302
29/03/2017,1.8152
30/03/2017,1.7873
31/03/2017,1.9982
03/04/2017,2.0869
04/04/2017,1.6493
05/04/2017,1.6637
06/04/2017,1.9179
07/04/2017,2.3507
10/04/2017,1.9407
11/04/2017,1.6053
12/04/2017,1.8227
13/04/2017,1.7951
17/04/2017,1.301
18/04/2017,1.2733
19/04/2017,1.7166
20/04/2017,1.5207
21/04/2017,2.4868
24/04/2017,1.9321
25/04/2017,1.2146
26/04/2017,1.3872
27/04/2017,2.0405
28/04/2017,1.7452
01/05/2017,1.505
02/05/2017,1.6479
03/05/2017,2.1094
04/05/2017,1.7271
05/05/2017,1.9783
08/05/2017,1.8287
09/05/2017,1.6591
10/05/2017,1.9522
11/05/2017,1.5484
12/05/2017,2.0572
15/05/2017,1.4361
16/05/2017,1.7937
17/05/2017,2.2932
18/05/2017,1.7743
19/05/2017,1.9314
22/05/2017,2.0009
23/05/2017,1.611
24/05/2017,1.6249
25/05/2017,1.4406
26/05/2017,2.0732
30/05/2017,2.2242
31/05/2017,1.6886
01/06/2017,1.4863
02/06/2017,1.4659
05/06/2017,1.4238
06/06/2017,1.6054
07/06/2017,2.4483
08/06/2017,1.4962
09/06/2017,1.5959
12/06/2017,2.1473
13/06/2017,1.3788
14/06/2017,1.6632
15/06/2017,1.8277
16/06/2017,2.1623
19/06/2017,1.5093
20/06/2017,1.6748
21/06/2017,2.8656
22/06/2017,1.7957
23/06/2017,2.3098
26/06/2017,1.7724
27/06/2017,1.5642
28/06/2017,2.0937
29/06/2017,2.2734
30/06/2017,2.2441
03/07/2017,2.1604
05/07/2017,2.1083
06/07/2017,1.8037
07/07/2017,1.8383
10/07/2017,1.6899
11/07/2017,2.1481
12/07/2017,1.582
13/07/2017,1.5711
14/07/2017,1.4567
17/07/2017,1.5654
18/07/2017,1.3626
19/07/2017,1.3781
20/07/2017,1.3062
21/07/2017,1.8118
24/07/2017,1.8042
25/07/2017,1.3206
26/07/2017,1.6593
27/07/2017,2.1378
28/07/2017,2.3643
31/07/2017,1.9873
01/08/2017,1.5835
02/08/2017,2.2122
03/08/2017,2.3652
04/08/2017,1.9105
07/08/2017,1.8843
08/08/2017,2.062
09/08/2017,2.4779
10/08/2017,2.0892
11/08/2017,2.7433
14/08/2017,1.9853
15/08/2017,2.1572
16/08/2017,2.2237
17/08/2017,2.0677
18/08/2017,2.0968
21/08/2017,2.1185
22/08/2017,1.7411
23/08/2017,1.8487
24/08/2017,1.9492
25/08/2017,2.1693
28/08/2017,1.8202
29/08/2017,1.614
30/08/2017,1.6294
31/08/2017,1.6398
01/09/2017,1.8973
05/09/2017,2.3118
06/09/2017,1.7834
07/09/2017,2.3312
08/09/2017,2.4108
11/09/2017,1.4306
12/09/2017,1.3321
13/09/2017,1.9688
14/09/2017,1.6604
15/09/2017,2.4768
18/09/2017,1.4888
19/09/2017,1.3244
20/09/2017,1.9257
21/09/2017,1.66
22/09/2017,2.4389
25/09/2017,1.8217
26/09/2017,2.0956
27/09/2017,1.7073
28/09/2017,1.3056
29/09/2017,1.8307
02/10/2017,1.3967
03/10/2017,1.2033
04/10/2017,1.5207
05/10/2017,1.2277
06/10/2017,1.4438
09/10/2017,2.3532
10/10/2017,1.3363
11/10/2017,2.4276
12/10/2017,1.8019
13/10/2017,2.0474
16/10/2017,2.0259
17/10/2017,1.4262
18/10/2017,1.5427
19/10/2017,1.6209
20/10/2017,1.5499
23/10/2017,1.7438
24/10/2017,1.9186
25/10/2017,2.4852
26/10/2017,2.1997
27/10/2017,1.4131
30/10/2017,1.7774
31/10/2017,2.1218
01/11/2017,1.5599
02/11/2017,1.8418
03/11/2017,1.8238
06/11/2017,1.6235
07/11/2017,1.6705
08/11/2017,2.1801
09/11/2017,1.8548
10/11/2017,2.7078
13/11/2017,1.7591
14/11/2017,1.8709
15/11/2017,1.8712
16/11/2017,1.7389
17/11/2017,1.9483
20/11/2017,1.6801
21/11/2017,1.2102
22/11/2017,2.3385
24/11/2017,2.1007
27/11/2017,1.6423
28/11/2017,1.136
29/11/2017,1.371
30/11/2017,1.213
01/12/2017,1.7596
04/12/2017,1.3686
05/12/2017,1.9509
06/12/2017,1.5562
07/12/2017,1.8245
08/12/2017,1.5367
11/12/2017,1.4799
12/12/2017,1.3182
13/12/2017,1.4164
14/12/2017,1.4572
15/12/2017,1.5939
18/12/2017,1.35
19/12/2017,1.7384
20/12/2017,1.8516
21/12/2017,1.5281
22/12/2017,2.0806
26/12/2017,1.6253
27/12/2017,1.9215
28/12/2017,2.2211
29/12/2017,2.3712
02/01/2018,2.1433
03/01/2018,1.2516
04/01/2018,1.0783
05/01/2018,1.7637
08/01/2018,1.498
09/01/2018,1.4137
10/01/2018,2.076
11/01/2018,1.0928
12/01/2018,1.3401
16/01/2018,1.2771
17/01/2018,1.4003
18/01/2018,1.2883
19/01/2018,1.8879
22/01/2018,1.5235
23/01/2018,0.9242
24/01/2018,1.3495
25/01/2018,1.7147
26/01/2018,1.4277
29/01/2018,1.3288
30/01/2018,1.4475
31/01/2018,1.5313
01/02/2018,1.8083
02/02/2018,2.2615
05/02/2018,2.7582
06/02/2018,2.7055
07/02/2018,1.9173
08/02/2018,2.3586
09/02/2018,2.4761
12/02/2018,1.8337
13/02/2018,1.8969
14/02/2018,1.6281
15/02/2018,1.2848
16/02/2018,1.426
20/02/2018,2.1267
21/02/2018,1.8553
22/02/2018,1.805
23/02/2018,1.5636
26/02/2018,1.3681
27/02/2018,1.5464
28/02/2018,1.8512
01/03/2018,2.1397
02/03/2018,2.065
05/03/2018,1.7476
06/03/2018,1.5366
07/03/2018,2.0878
08/03/2018,1.2166
09/03/2018,1.1212
12/03/2018,1.3133
13/03/2018,1.3865
14/03/2018,1.472
15/03/2018,1.3425
16/03/2018,1.6133
19/03/2018,1.8794
20/03/2018,1.2488
21/03/2018,2.53
22/03/2018,1.8989
23/03/2018,2.4738
26/03/2018,1.9816
27/03/2018,1.6113
28/03/2018,1.8188
29/03/2018,1.3898
02/04/2018,1.739
03/04/2018,1.4418
04/04/2018,1.7592
05/04/2018,1.5759
06/04/2018,1.511
09/04/2018,1.5057
10/04/2018,1.506
11/04/2018,1.837
12/04/2018,1.5482
13/04/2018,1.4895
16/04/2018,1.5512
17/04/2018,1.426
18/04/2018,2.0519
19/04/2018,1.4176
20/04/2018,1.6685
23/04/2018,1.8951
24/04/2018,1.7961
25/04/2018,1.6772
26/04/2018,1.5562
27/04/2018,1.9169
30/04/2018,1.6658
01/05/2018,1.7141
02/05/2018,1.4429
03/05/2018,1.3963
04/05/2018,1.6299
07/05/2018,1.5814
08/05/2018,1.5043
09/05/2018,1.2642
10/05/2018,1.1522
11/05/2018,1.4723
14/05/2018,1.3781
15/05/2018,1.7303
16/05/2018,2.0616
17/05/2018,1.3493
18/05/2018,1.9768
21/05/2018,1.4116
22/05/2018,1.3272
23/05/2018,1.4541
24/05/2018,1.6384
25/05/2018,2.1105
29/05/2018,1.8095
30/05/2018,1.6523
31/05/2018,1.6747
01/06/2018,1.8764
04/06/2018,1.4768
05/06/2018,1.665
06/06/2018,1.4433
07/06/2018,1.4692
08/06/2018,1.6693
11/06/2018,1.1664
12/06/2018,1.283
13/06/2018,1.1872
14/06/2018,1.3348
15/06/2018,1.9617
18/06/2018,1.5729
19/06/2018,1.8305
20/06/2018,2.0784
21/06/2018,1.6875
22/06/2018,2.0858
25/06/2018,2.1123
26/06/2018,1.794
27/06/2018,1.6445
28/06/2018,1.4986
29/06/2018,2.2274
02/07/2018,1.4405
03/07/2018,1.9522
05/07/2018,1.6768
06/07/2018,1.7552
09/07/2018,1.5638
10/07/2018,1.5601
11/07/2018,1.6841
12/07/2018,1.2465
13/07/2018,1.3711
16/07/2018,1.94
17/07/2018,1.3792
18/07/2018,1.4662
19/07/2018,1.5705
20/07/2018,2.1792
23/07/2018,1.9557
24/07/2018,1.4397
25/07/2018,1.1996
26/07/2018,0.9238
27/07/2018,1.9302
30/07/2018,1.8831
31/07/2018,1.626
01/08/2018,2.0212
02/08/2018,2.1517
03/08/2018,1.862
06/08/2018,1.357
07/08/2018,1.3156
08/08/2018,1.3147
09/08/2018,1.3679
10/08/2018,2.1689
13/08/2018,2.6694
14/08/2018,2.4806
15/08/2018,1.7935
16/08/2018,1.7874
17/08/2018,1.8061
20/08/2018,1.8407
21/08/2018,1.1495
22/08/2018,1.5374
23/08/2018,1.3795
24/08/2018,2.1031
27/08/2018,0.9872
28/08/2018,1.2044
29/08/2018,0.9109
30/08/2018,1.2785
31/08/2018,1.7857
04/09/2018,1.5613
05/09/2018,1.5728
06/09/2018,1.8775
07/09/2018,2.2633
10/09/2018,2.456
11/09/2018,1.8049
12/09/2018,1.8292
13/09/2018,1.7858
14/09/2018,1.7345
17/09/2018,1.7367
18/09/2018,1.5852
19/09/2018,2.3998
20/09/2018,1.589
21/09/2018,1.6844
24/09/2018,1.8875
25/09/2018,2.0583
26/09/2018,1.7221
27/09/2018,2.2248
28/09/2018,2.1337
01/10/2018,1.6589
02/10/2018,1.9755
03/10/2018,1.6261
04/10/2018,2.1151
05/10/2018,2.1847
08/10/2018,1.7577
09/10/2018,1.8855
10/10/2018,1.9087
11/10/2018,2.4864
12/10/2018,2.1346
15/10/2018,1.6273
16/10/2018,1.5611
17/10/2018,2.2571
18/10/2018,1.7408
19/10/2018,1.8075
22/10/2018,1.7443
23/10/2018,1.4509
24/10/2018,1.8721
25/10/2018,1.4294
26/10/2018,2.2253
29/10/2018,1.8079
30/10/2018,1.6622
31/10/2018,1.3359
01/11/2018,1.4455
02/11/2018,1.3467
05/11/2018,1.6288
06/11/2018,1.2942
07/11/2018,1.4393
08/11/2018,1.5181
09/11/2018,1.422
12/11/2018,1.4141
13/11/2018,1.4019
14/11/2018,1.9099
15/11/2018,1.4258
16/11/2018,1.3865
19/11/2018,1.471
20/11/2018,1.2561
21/11/2018,1.8765
23/11/2018,1.6785
26/11/2018,1.573
27/11/2018,1.4019
28/11/2018,1.1937
29/11/2018,1.173
30/11/2018,1.0961
03/12/2018,1.4571
04/12/2018,1.5819
06/12/2018,1.7795
07/12/2018,1.9042
10/12/2018,1.3249
11/12/2018,1.4914
12/12/2018,1.4958
13/12/2018,1.3602
14/12/2018,1.6919
17/12/2018,1.8335
18/12/2018,1.6055
19/12/2018,1.8933
20/12/2018,2.0487
21/12/2018,2.0613
24/12/2018,1.8961
26/12/2018,1.7669
27/12/2018,1.2546
28/12/2018,1.2733
31/12/2018,1.3293
02/01/2019,1.5524
03/01/2019,1.7579
04/01/2019,1.4184
07/01/2019,1.6358
08/01/2019,1.5096
09/01/2019,1.3875
10/01/2019,1.6157
11/01/2019,1.737
14/01/2019,1.5473
15/01/2019,1.5628
16/01/2019,1.8222
17/01/2019,1.2836
18/01/2019,1.3582
22/01/2019,1.4722
23/01/2019,1.9203
24/01/2019,1.839
25/01/2019,1.2298
28/01/2019,1.6333
29/01/2019,1.7921
30/01/2019,1.2873
31/01/2019,1.2892
01/02/2019,1.8622
04/02/2019,1.5348
05/02/2019,1.48
06/02/2019,1.709
07/02/2019,1.6179
08/02/2019,2.2535
11/02/2019,1.4386
12/02/2019,1.4182
13/02/2019,1.9966
14/02/2019,1.3982
15/02/2019,1.3546
19/02/2019,1.594
20/02/2019,1.4045
21/02/2019,1.6223
22/02/2019,1.8669
25/02/2019,2.0393
26/02/2019,1.8027
27/02/2019,2.0557
28/02/2019,1.8228
01/03/2019,1.9753
04/03/2019,1.9263
05/03/2019,1.8738
06/03/2019,1.7024
07/03/2019,1.5998
08/03/2019,1.6521
11/03/2019,1.5817
12/03/2019,1.5333
13/03/2019,1.71
14/03/2019,1.6037
15/03/2019,1.6978
18/03/2019,1.4268
19/03/2019,1.9172
20/03/2019,1.5652
21/03/2019,1.4734
22/03/2019,1.7178
25/03/2019,1.661
26/03/2019,1.9504
27/03/2019,1.7363
28/03/2019,1.2786
29/03/2019,1.6976
01/04/2019,1.3659
02/04/2019,1.7358
03/04/2019,1.4663
04/04/2019,1.4503
05/04/2019,1.3505
08/04/2019,1.3546
09/04/2019,1.5048
10/04/2019,2.0724
11/04/2019,2.1614
12/04/2019,1.5479
15/04/2019,1.6751
16/04/2019,2.1082
17/04/2019,1.3968
18/04/2019,1.7884
22/04/2019,1.4628
23/04/2019,1.5388
24/04/2019,1.8509
25/04/2019,1.8032
26/04/2019,1.8705
29/04/2019,1.5819
30/04/2019,1.9667
01/05/2019,1.703
02/05/2019,1.5233
03/05/2019,1.9099
06/05/2019,2.1454
07/05/2019,2.2962
08/05/2019,1.983
09/05/2019,2.5057
10/05/2019,1.9328
13/05/2019,1.7269
14/05/2019,1.9519
15/05/2019,1.902
16/05/2019,1.3166
17/05/2019,1.9376
20/05/2019,1.7958
21/05/2019,1.8855
22/05/2019,1.735
23/05/2019,1.6077
24/05/2019,1.8146
28/05/2019,1.9261
29/05/2019,2.0674
30/05/2019,1.7517
31/05/2019,1.6346
03/06/2019,1.9247
04/06/2019,1.5198
05/06/2019,1.6143
06/06/2019,1.4172
07/06/2019,1.4871
10/06/2019,1.056
11/06/2019,1.4322
12/06/2019,1.5455
13/06/2019,1.8444
14/06/2019,1.8634
17/06/2019,1.9727
18/06/2019,1.4801
19/06/2019,1.5271
20/06/2019,1.2352
21/06/2019,1.7891
24/06/2019,1.3818
25/06/2019,1.747
26/06/2019,1.6156
27/06/2019,1.691
28/06/2019,1.3601
01/07/2019,1.5242
02/07/2019,1.5367
03/07/2019,1.0936
05/07/2019,1.6382
08/07/2019,1.6231
09/07/2019,2.1404
10/07/2019,1.7377
11/07/2019,1.811
12/07/2019,1.8874
15/07/2019,1.8152
16/07/2019,1.7149
17/07/2019,2.0248
18/07/2019,1.7455
19/07/2019,2.4235
22/07/2019,1.7926
23/07/2019,1.6091
24/07/2019,1.5404
25/07/2019,1.9647
26/07/2019,1.6454
29/07/2019,1.9693
30/07/2019,2.1992
31/07/2019,1.979
01/08/2019,2.5553
02/08/2019,2.5258
05/08/2019,2.6011
06/08/2019,2.1687
07/08/2019,1.8542
08/08/2019,1.733
09/08/2019,1.6322
12/08/2019,2.2706
13/08/2019,2.1986
14/08/2019,2.3033
15/08/2019,2.2975
16/08/2019,2.1996
19/08/2019,2.3234
20/08/2019,2.2151
21/08/2019,2.872
22/08/2019,2.0391
23/08/2019,1.9134
26/08/2019,2.2069
27/08/2019,2.1341
28/08/2019,2.0999
29/08/2019,2.2886
30/08/2019,2.3865
03/09/2019,2.0787
04/09/2019,2.2472
05/09/2019,1.6259
06/09/2019,2.2186
09/09/2019,2.259
10/09/2019,1.6123
11/09/2019,1.5539
12/09/2019,1.6912
13/09/2019,2.1066
16/09/2019,2.315
17/09/2019,1.7726
18/09/2019,1.8471
19/09/2019,1.8503
20/09/2019,1.9528
23/09/2019,2.289
24/09/2019,2.4815
25/09/2019,2.0333
26/09/2019,1.9004
27/09/2019,2.3546
30/09/2019,2.2533
01/10/2019,2.063
02/10/2019,1.826
03/10/2019,2.4435
04/10/2019,2.3168
07/10/2019,1.7407
08/10/2019,1.7048
09/10/2019,2.3073
10/10/2019,1.7281
11/10/2019,1.7722
14/10/2019,1.9853
15/10/2019,1.9727
16/10/2019,1.7387
17/10/2019,1.5981
18/10/2019,1.7204
21/10/2019,1.7247
22/10/2019,1.9754
23/10/2019,1.8122
24/10/2019,1.5416
25/10/2019,1.4061
28/10/2019,1.6743
29/10/2019,1.9408
30/10/2019,1.9054
31/10/2019,1.6971
01/11/2019,1.2036
04/11/2019,1.1764
05/11/2019,1.6168
06/11/2019,1.6952
07/11/2019,0.9861
08/11/2019,1.8653
11/11/2019,1.6515
12/11/2019,1.8362
13/11/2019,1.9729
14/11/2019,1.9659
15/11/2019,1.437
18/11/2019,1.4067
19/11/2019,1.7962
20/11/2019,1.9604
21/11/2019,2.5918
22/11/2019,1.9977
25/11/2019,1.7106
26/11/2019,1.5756
27/11/2019,1.2894
29/11/2019,2.0222
02/12/2019,1.8074
03/12/2019,1.6423
04/12/2019,1.8137
05/12/2019,2.0065
06/12/2019,1.5641
09/12/2019,2.2667
10/12/2019,1.9855
11/12/2019,1.6737
12/12/2019,1.288
13/12/2019,1.8485
16/12/2019,1.2592
17/12/2019,1.5257
18/12/2019,2.072
19/12/2019,1.3483
20/12/2019,1.2656
23/12/2019,1.5202
24/12/2019,2.2345
26/12/2019,1.8877
27/12/2019,1.7093
30/12/2019,1.4698
31/12/2019,1.5139
02/01/2020,1.874
03/01/2020,2.0891
06/01/2020,1.884
07/01/2020,1.7944
08/01/2020,1.5164
09/01/2020,1.358
10/01/2020,1.9865
13/01/2020,1.5383
14/01/2020,1.7307
15/01/2020,1.6824
16/01/2020,1.6377
17/01/2020,1.4495
21/01/2020,1.8757
22/01/2020,1.9417
23/01/2020,1.9744
24/01/2020,2.2447
27/01/2020,1.9394
28/01/2020,1.7065
29/01/2020,1.9963
30/01/2020,1.6908
31/01/2020,1.8144
03/02/2020,1.893
04/02/2020,1.7027
05/02/2020,1.5623
06/02/2020,1.518
07/02/2020,1.9443
10/02/2020,1.7991
11/02/2020,1.3847
12/02/2020,1.7545
13/02/2020,1.8816
14/02/2020,1.6678
18/02/2020,1.792
19/02/2020,2.0342
20/02/2020,1.8279
21/02/2020,2.0829
24/02/2020,2.158
25/02/2020,2.3911
26/02/2020,2.0491
27/02/2020,2.3524
28/02/2020,2.1811
02/03/2020,1.5393
03/03/2020,1.2803
04/03/2020,1.3253
05/03/2020,1.897
06/03/2020,2.2824
09/03/2020,2.3246
10/03/2020,2.2737
11/03/2020,2.2694
12/03/2020,1.5605
13/03/2020,1.5806
16/03/2020,1.7463
17/03/2020,2.0271
18/03/2020,2.4737
19/03/2020,1.2973
20/03/2020,1.4203
23/03/2020,1.3644
24/03/2020,1.1619
25/03/2020,1.1145
26/03/2020,1.4378
27/03/2020,1.4311
30/03/2020,1.3806
31/03/2020,1.3829
01/04/2020,1.6302
02/04/2020,1.5762
03/04/2020,1.7125
06/04/2020,1.2682
07/04/2020,1.1156
08/04/2020,1.3832
09/04/2020,1.2721
13/04/2020,1.3015
14/04/2020,1.3055
15/04/2020,1.5337
16/04/2020,1.5422
17/04/2020,1.3321
20/04/2020,1.5363
21/04/2020,1.5937
22/04/2020,1.4117
23/04/2020,1.69
24/04/2020,1.4957
27/04/2020,1.6576
28/04/2020,1.6059
29/04/2020,1.4401
30/04/2020,1.621
01/05/2020,1.8003
04/05/2020,1.4645
05/05/2020,2.05
06/05/2020,1.7045
07/05/2020,1.8785
08/05/2020,1.6004
11/05/2020,1.3119
12/05/2020,1.7182
13/05/2020,1.8414
14/05/2020,1.5453
15/05/2020,1.4867
18/05/2020,1.2402
19/05/2020,1.1965
20/05/2020,1.3436
21/05/2020,1.4435
22/05/2020,1.5027
26/05/2020,1.5543
27/05/2020,1.4013
28/05/2020,1.2738
29/05/2020,1.3979
01/06/2020,1.5642
02/06/2020,1.4138
03/06/2020,1.0832
04/06/2020,1.7557
05/06/2020,1.0459
08/06/2020,1.0738
09/06/2020,1.9693
10/06/2020,1.3842
11/06/2020,2.1535
12/06/2020,1.889
15/06/2020,1.5212
16/06/2020,1.5756
17/06/2020,1.6078
18/06/2020,2.0291
19/06/2020,1.9978
22/06/2020,1.9724
23/06/2020,1.9988
24/06/2020,1.4745
25/06/2020,1.7305
26/06/2020,1.7414
29/06/2020,1.9318
30/06/2020,1.5736
01/07/2020,1.596
02/07/2020,1.7305
06/07/2020,1.8044
07/07/2020,2.005
08/07/2020,1.739
09/07/2020,1.8316
10/07/2020,1.7338
13/07/2020,1.7347
14/07/2020,1.7367
15/07/2020,1.2795
16/07/2020,1.6007
17/07/2020,1.9292
20/07/2020,1.3259
21/07/2020,1.7531
22/07/2020,1.5858
23/07/2020,2.0938
24/07/2020,1.6704
27/07/2020,1.6831
28/07/2020,1.8319
29/07/2020,1.4719
30/07/2020,1.5209
31/07/2020,1.6836
03/08/2020,1.5606
04/08/2020,1.7638
05/08/2020,1.3649
06/08/2020,1.592
07/08/2020,1.7849
10/08/2020,1.6667
11/08/2020,1.9302
12/08/2020,1.5677
13/08/2020,1.8915
14/08/2020,1.6682
17/08/2020,1.4948
18/08/2020,1.6444
19/08/2020,1.793
20/08/2020,1.6168
21/08/2020,1.6406
24/08/2020,1.7509
25/08/2020,1.456
26/08/2020,1.1057
27/08/2020,1.3215
28/08/2020,1.6555
31/08/2020,1.7274
01/09/2020,1.6078
02/09/2020,1.4323
03/09/2020,1.7506
04/09/2020,1.7901
08/09/2020,1.7473
09/09/2020,1.5159
10/09/2020,1.3728
11/09/2020,1.5747
14/09/2020,1.77
15/09/2020,1.588
16/09/2020,1.7522
17/09/2020,1.8503
18/09/2020,1.7126
21/09/2020,1.6617
22/09/2020,1.9216
23/09/2020,1.5575
24/09/2020,1.6638
25/09/2020,1.5556
28/09/2020,1.5069
29/09/2020,1.5984
30/09/2020,1.3974
01/10/2020,1.5931
02/10/2020,1.7041
05/10/2020,1.5018
06/10/2020,1.6685
07/10/2020,1.6183
08/10/2020,1.807
09/10/2020,1.5429
12/10/2020,1.2174
13/10/2020,2.0347
14/10/2020,1.4137
15/10/2020,1.6012
16/10/2020,1.498
19/10/2020,1.6095
20/10/2020,1.4838
21/10/2020,1.7494
22/10/2020,1.6284
23/10/2020,1.7651
26/10/2020,1.368
27/10/2020,1.3909
28/10/2020,1.4057
29/10/2020,1.7289
30/10/2020,1.197
02/11/2020,1.4609
03/11/2020,1.4246
04/11/2020,1.5545
05/11/2020,1.9006
06/11/2020,2.0328
09/11/2020,1.5261
10/11/2020,2.2598
11/11/2020,1.9036
12/11/2020,1.9137
13/11/2020,1.5232
16/11/2020,1.5133
17/11/2020,1.5885
18/11/2020,1.7517
19/11/2020,1.4657
20/11/2020,1.8887
23/11/2020,1.5435
24/11/2020,1.767
25/11/2020,1.8054
27/11/2020,2.1874
30/11/2020,1.6413
01/12/2020,1.8604
02/12/2020,1.5418
03/12/2020,1.8255
04/12/2020,1.6808
07/12/2020,1.742
08/12/2020,1.5112
09/12/2020,1.6329
10/12/2020,1.6933
11/12/2020,1.8749
14/12/2020,2.1684
15/12/2020,2.0092
16/12/2020,1.7953
17/12/2020,1.7343
18/12/2020,1.6834
21/12/2020,1.4185
22/12/2020,1.6875
23/12/2020,1.605
24/12/2020,1.516
28/12/2020,1.4199
29/12/2020,1.5483
30/12/2020,1.6594
31/12/2020,1.6417
04/01/2021,1.7737
05/01/2021,1.9529
06/01/2021,1.6399
07/01/2021,1.5227
08/01/2021,1.656
11/01/2021,2.1566
12/01/2021,2.0463
13/01/2021,1.6014
14/01/2021,1.6578
15/01/2021,1.6806
19/01/2021,2.1047
20/01/2021,1.3913
21/01/2021,2.0854
22/01/2021,1.6197
25/01/2021,2.0887
26/01/2021,2.3502
27/01/2021,1.827
28/01/2021,1.8352
29/01/2021,1.7026
01/02/2021,1.8259
02/02/2021,1.978
03/02/2021,1.7695
04/02/2021,1.7399
05/02/2021,1.6367
08/02/2021,1.6113
09/02/2021,2.3342
10/02/2021,1.5701
11/02/2021,1.8562
12/02/2021,1.6978
16/02/2021,1.8901
17/02/2021,1.8006
18/02/2021,1.6576
19/02/2021,1.9944
22/02/2021,1.6543
23/02/2021,1.6384
24/02/2021,1.3483
25/02/2021,1.8208
26/02/2021,1.7096
01/03/2021,1.6475
02/03/2021,1.9672
03/03/2021,1.4906
04/03/2021,1.4278
05/03/2021,1.4911
08/03/2021,1.6956
09/03/2021,1.8905
10/03/2021,1.6278
11/03/2021,1.4259
12/03/2021,1.7572
15/03/2021,1.4509
16/03/2021,1.6059
17/03/2021,1.4427
18/03/2021,1.4927
19/03/2021,1.462
22/03/2021,1.455
23/03/2021,1.6096
24/03/2021,1.462
25/03/2021,1.5132
26/03/2021,1.6778
29/03/2021,1.5157
30/03/2021,1.4637
31/03/2021,1.271
01/04/2021,1.5578
05/04/2021,1.3904
06/04/2021,1.8071
07/04/2021,1.7419
08/04/2021,1.7477
09/04/2021,1.533
12/04/2021,1.6161
13/04/2021,1.5873
14/04/2021,1.7012
15/04/2021,1.3766
16/04/2021,1.5028
19/04/2021,1.8957
20/04/2021,1.7709
21/04/2021,1.5415
22/04/2021,1.8262
23/04/2021,1.5982
26/04/2021,1.6133
27/04/2021,1.892
28/04/2021,1.689
29/04/2021,1.4923
30/04/2021,1.7494
03/05/2021,1.766
04/05/2021,1.6173
05/05/2021,1.9045
06/05/2021,1.7932
07/05/2021,1.7651
10/05/2021,2.0441
11/05/2021,2.0235
12/05/2021,1.9256
13/05/2021,2.2787
14/05/2021,2.002
17/05/2021,2.175
18/05/2021,2.3505
19/05/2021,1.7646
20/05/2021,1.8745
21/05/2021,1.7644
24/05/2021,1.7436
25/05/2021,1.7237
26/05/2021,1.8122
27/05/2021,1.9306
28/05/2021,1.8418
01/06/2021,1.8187
02/06/2021,1.8609
03/06/2021,1.6336
04/06/2021,1.8709
07/06/2021,1.8244
08/06/2021,2.3844
09/06/2021,1.7421
10/06/2021,1.7412
11/06/2021,1.8156
14/06/2021,2.033
15/06/2021,1.8472
16/06/2021,2.0319
17/06/2021,1.8534
18/06/2021,1.948
21/06/2021,1.7776
22/06/2021,1.834
23/06/2021,1.8834
24/06/2021,1.9228
25/06/2021,1.6795
28/06/2021,1.9186
29/06/2021,1.8659
30/06/2021,1.6189
01/07/2021,2.0346
02/07/2021,1.5325
06/07/2021,1.8973
07/07/2021,1.7043
08/07/2021,1.8735
09/07/2021,1.5557
12/07/2021,2.0865
13/07/2021,2.3902
14/07/2021,1.8353
15/07/2021,1.8814
16/07/2021,2.2035
19/07/2021,2.4208
20/07/2021,1.7447
21/07/2021,1.9185
22/07/2021,1.6888
23/07/2021,1.3762
26/07/2021,1.8956
27/07/2021,1.7867
28/07/2021,1.8693
29/07/2021,1.7028
30/07/2021,1.8014
02/08/2021,2.0991
03/08/2021,1.5173
04/08/2021,1.9397
05/08/2021,2.1695
06/08/2021,1.9378
09/08/2021,2.0478
10/08/2021,1.8202
11/08/2021,1.8051
12/08/2021,1.8121
13/08/2021,2.3813
16/08/2021,1.6444
17/08/2021,1.9453
18/08/2021,2.1486
19/08/2021,2.0179
20/08/2021,1.9979
23/08/2021,1.7416
24/08/2021,1.8642
25/08/2021,2.0144
26/08/2021,1.9772
27/08/2021,2.0758
30/08/2021,1.7235
31/08/2021,1.9397
01/09/2021,2.0544
02/09/2021,1.7182
03/09/2021,2.2443
07/09/2021,2.1497
08/09/2021,2.0696
09/09/2021,1.8521
10/09/2021,2.2715
13/09/2021,2.2693
14/09/2021,1.7362
15/09/2021,1.8754
16/09/2021,1.9243
17/09/2021,1.9108
20/09/2021,1.9014
21/09/2021,1.9138
22/09/2021,1.7998
23/09/2021,1.7712
24/09/2021,2.0476
27/09/2021,2.2591
28/09/2021,1.939
29/09/2021,1.6273
30/09/2021,1.6193
01/10/2021,1.4947
04/10/2021,1.7836
05/10/2021,1.6695
06/10/2021,1.4619
07/10/2021,1.7767
08/10/2021,2.1077
11/10/2021,1.8808
12/10/2021,1.7315
13/10/2021,2.0454
14/10/2021,1.5668
15/10/2021,1.6742
18/10/2021,1.9382
19/10/2021,1.7167
20/10/2021,1.618
21/10/2021,1.8022
22/10/2021,1.7447
25/10/2021,1.6565
26/10/2021,1.7806
27/10/2021,1.6701
28/10/2021,1.6109
29/10/2021,1.8604
01/11/2021,1.8504
02/11/2021,2.0021
03/11/2021,1.5052
04/11/2021,1.9866
05/11/2021,1.5838
08/11/2021,2.0199
09/11/2021,1.8397
10/11/2021,1.8563
11/11/2021,1.8086
12/11/2021,1.8237
15/11/2021,1.9185
16/11/2021,1.7107
17/11/2021,1.7076
18/11/2021,1.8231
19/11/2021,2.1834
22/11/2021,1.6184
23/11/2021,1.8861
24/11/2021,1.9056
26/11/2021,2.2904
29/11/2021,2.0691
30/11/2021,1.8655
01/12/2021,2.1297
02/12/2021,2.1046
03/12/2021,2.2329
06/12/2021,2.3818
07/12/2021,1.836
08/12/2021,2.1043
09/12/2021,2.187
10/12/2021,2.4218
13/12/2021,2.0419
14/12/2021,1.5101
15/12/2021,1.6365
16/12/2021,1.6132
17/12/2021,1.8163
20/12/2021,1.7633
21/12/2021,2.1442
22/12/2021,1.4575
23/12/2021,1.6145
27/12/2021,1.3754
28/12/2021,1.5225
29/12/2021,1.714
30/12/2021,1.6802
31/12/2021,1.4942
03/01/2022,1.7886
04/01/2022,2.0262
05/01/2022,2.0945
06/01/2022,1.7446
07/01/2022,1.8674
10/01/2022,1.7065
11/01/2022,1.5131
12/01/2022,1.4385
13/01/2022,1.8534
14/01/2022,1.8772
18/01/2022,1.7474
19/01/2022,1.6637
20/01/2022,1.7669
21/01/2022,1.7524
24/01/2022,1.96
25/01/2022,1.4395
26/01/2022,1.652
27/01/2022,1.7724
28/01/2022,1.4464
31/01/2022,1.5853
01/02/2022,1.5626
02/02/2022,1.4327
03/02/2022,1.733
04/02/2022,1.4523
07/02/2022,1.5717
08/02/2022,1.7276
09/02/2022,1.5044
10/02/2022,1.6231
11/02/2022,2.0181
14/02/2022,1.7596
15/02/2022,2.074
16/02/2022,1.6531
17/02/2022,1.451
18/02/2022,1.5343
22/02/2022,1.3852
23/02/2022,1.2037
24/02/2022,1.5686
25/02/2022,1.2977
28/02/2022,1.5
01/03/2022,1.6608
02/03/2022,1.7097
03/03/2022,1.4829
04/03/2022,2.0013
07/03/2022,1.8451
08/03/2022,1.7968
09/03/2022,1.6385
10/03/2022,1.3863
11/03/2022,1.8569
14/03/2022,1.8067
15/03/2022,1.9281
16/03/2022,1.5574
17/03/2022,1.4983
18/03/2022,1.449
21/03/2022,1.6866
22/03/2022,1.9031
23/03/2022,1.7767
24/03/2022,1.7693
25/03/2022,1.843
28/03/2022,1.9026
29/03/2022,1.6109
30/03/2022,1.7324
31/03/2022,1.7415
01/04/2022,1.791
04/04/2022,1.8295
05/04/2022,2.1207
06/04/2022,1.5929
07/04/2022,1.5844
08/04/2022,1.7834
11/04/2022,1.8984
12/04/2022,1.8629
13/04/2022,1.628
14/04/2022,1.7912
18/04/2022,1.8324
19/04/2022,1.5954
20/04/2022,1.7555
21/04/2022,2.0729
22/04/2022,1.9763
25/04/2022,1.708
26/04/2022,1.5249
27/04/2022,1.8192
28/04/2022,1.6445
29/04/2022,1.955
02/05/2022,1.6954
03/05/2022,1.6547
04/05/2022,1.5395
05/05/2022,1.6481
06/05/2022,1.5885
09/05/2022,1.6025
10/05/2022,1.3598
11/05/2022,1.6583
12/05/2022,2.0089
13/05/2022,1.5099
16/05/2022,1.799
17/05/2022,1.3712
18/05/2022,1.8172
19/05/2022,1.5428
20/05/2022,1.6728
23/05/2022,1.5491
24/05/2022,1.3733
25/05/2022,1.3753
26/05/2022,1.279
27/05/2022,1.4303
31/05/2022,1.3159
01/06/2022,1.6014
02/06/2022,1.3695
03/06/2022,1.5334
06/06/2022,1.5728
07/06/2022,1.4459
08/06/2022,1.3714
09/06/2022,1.5624
10/06/2022,1.7617
13/06/2022,1.8351
14/06/2022,1.3531
15/06/2022,1.4656
16/06/2022,1.7071
17/06/2022,1.421
21/06/2022,1.3377
22/06/2022,1.2989
23/06/2022,1.3428
24/06/2022,1.4547
27/06/2022,1.43
28/06/2022,1.4672
29/06/2022,1.3045
30/06/2022,1.2178
01/07/2022,1.426
05/07/2022,1.3331
06/07/2022,1.3343
07/07/2022,1.242
08/07/2022,1.4472
11/07/2022,1.4641
12/07/2022,1.4545
13/07/2022,1.3648
14/07/2022,1.2806
15/07/2022,1.2965
18/07/2022,1.5482
19/07/2022,1.1277
20/07/2022,1.363
21/07/2022,1.3975
22/07/2022,1.5838
25/07/2022,1.5242
26/07/2022,1.3962
27/07/2022,1.3575
28/07/2022,1.3797
29/07/2022,1.3573
01/08/2022,1.525
02/08/2022,1.4393
03/08/2022,1.1935
04/08/2022,1.3425
05/08/2022,1.4867
08/08/2022,1.6287
09/08/2022,1.4284
10/08/2022,1.4959
11/08/2022,1.3545
12/08/2022,1.5166
15/08/2022,1.2352
16/08/2022,1.2478
17/08/2022,1.3205
18/08/2022,1.2767
19/08/2022,1.4352
22/08/2022,1.5659
23/08/2022,1.2961
24/08/2022,1.3004
25/08/2022,1.1614
26/08/2022,1.4165
29/08/2022,1.4966
30/08/2022,1.4671
31/08/2022,1.4616
01/09/2022,1.2783
02/09/2022,1.5307
06/09/2022,1.4984
07/09/2022,1.2613
08/09/2022,1.2101
09/09/2022,1.3579
12/09/2022,1.5829
13/09/2022,1.6356
14/09/2022,1.5343
15/09/2022,1.4855
16/09/2022,1.4958
19/09/2022,1.3596
20/09/2022,1.2641
21/09/2022,1.2658
22/09/2022,1.5222
23/09/2022,1.7013
26/09/2022,1.5375
27/09/2022,1.6898
28/09/2022,1.3462
29/09/2022,1.3954
30/09/2022,1.4112
03/10/2022,1.2075
04/10/2022,1.2721
05/10/2022,1.0292
06/10/2022,1.2641
07/10/2022,1.1688
10/10/2022,1.2399
11/10/2022,1.2326
12/10/2022,1.3163
13/10/2022,1.259
14/10/2022,1.4786
17/10/2022,1.4959
18/10/2022,1.3099
19/10/2022,1.3878
20/10/2022,1.3409
21/10/2022,1.3474
24/10/2022,1.38
25/10/2022,1.2322
26/10/2022,1.2984
27/10/2022,1.4609
28/10/2022,1.1533
31/10/2022,1.3068
01/11/2022,1.2918
02/11/2022,1.4596
03/11/2022,1.5489
04/11/2022,1.4739
07/11/2022,1.2855
08/11/2022,1.24
09/11/2022,1.3201
10/11/2022,1.3845
11/11/2022,1.2617
14/11/2022,1.2966
15/11/2022,1.3837
16/11/2022,1.414
17/11/2022,1.4008
18/11/2022,1.3733
21/11/2022,1.3339
22/11/2022,1.3818
23/11/2022,1.4915
25/11/2022,1.5806
28/11/2022,1.5455
29/11/2022,1.6028
30/11/2022,1.3186
01/12/2022,1.3172
02/12/2022,1.2018
05/12/2022,1.4335
06/12/2022,1.441
07/12/2022,1.3882
08/12/2022,1.2436
09/12/2022,1.4128
12/12/2022,1.3892
13/12/2022,1.2652
14/12/2022,1.3642
15/12/2022,1.642
16/12/2022,1.4658
19/12/2022,1.4187
20/12/2022,1.3887
21/12/2022,1.2995
22/12/2022,1.3132
23/12/2022,1.3112
27/12/2022,1.2427
28/12/2022,1.3787
29/12/2022,1.2632
30/12/2022,1.5625
03/01/2023,1.4639
04/01/2023,1.4652
05/01/2023,1.2559
06/01/2023,1.2221
09/01/2023,1.2743
10/01/2023,1.331
11/01/2023,1.3427
12/01/2023,1.3291
13/01/2023,1.4831
17/01/2023,1.4409
18/01/2023,1.3896
19/01/2023,1.2705
20/01/2023,1.1981
23/01/2023,1.2572
24/01/2023,1.3962
25/01/2023,1.2834
26/01/2023,1.1671
27/01/2023,1.4154
30/01/2023,1.3007
31/01/2023,1.3505
01/02/2023,1.2856
02/02/2023,1.2781
03/02/2023,1.3727
06/02/2023,1.3426
07/02/2023,1.1903
08/02/2023,1.2791
09/02/2023,1.4002
10/02/2023,1.4187
13/02/2023,1.4522
14/02/2023,1.4691
15/02/2023,1.5219
16/02/2023,1.4951
17/02/2023,1.6127
21/02/2023,1.3242
22/02/2023,1.5239
23/02/2023,1.423
24/02/2023,1.4514
27/02/2023,1.4548
28/02/2023,1.398
01/03/2023,1.3532
02/03/2023,1.3035
03/03/2023,1.3343
06/03/2023,1.3385
07/03/2023,1.2928
08/03/2023,1.3064
09/03/2023,1.4767
10/03/2023,1.8794
13/03/2023,1.5076
14/03/2023,1.404
15/03/2023,1.3994
16/03/2023,1.2471
17/03/2023,1.4494
20/03/2023,1.4709
21/03/2023,1.4359
22/03/2023,1.4888
23/03/2023,1.522
24/03/2023,1.495
27/03/2023,1.3761
28/03/2023,1.3909
29/03/2023,1.222
30/03/2023,1.3499
31/03/2023,1.3267
03/04/2023,1.3248
04/04/2023,1.4287
05/04/2023,1.4
06/04/2023,1.5711
10/04/2023,1.5204
11/04/2023,1.4494
12/04/2023,1.3268
13/04/2023,1.2862
14/04/2023,1.3457
17/04/2023,1.4859
18/04/2023,1.4516
19/04/2023,1.6428
20/04/2023,1.3873
21/04/2023,1.4152
24/04/2023,1.3292
25/04/2023,1.4606
26/04/2023,1.3094
27/04/2023,1.2576
28/04/2023,1.2683
01/05/2023,1.299
02/05/2023,1.4039
03/05/2023,1.3651
04/05/2023,1.3869
05/05/2023,1.2867
08/05/2023,1.448
09/05/2023,1.3443
10/05/2023,1.2882
11/05/2023,1.3924
12/05/2023,1.3778
15/05/2023,1.3684
16/05/2023,1.5042
17/05/2023,1.2552
18/05/2023,1.172
19/05/2023,1.3828
22/05/2023,1.4466
23/05/2023,1.3783
24/05/2023,1.3234
25/05/2023,1.2149
26/05/2023,1.3879
30/05/2023,1.3763
31/05/2023,1.3788
01/06/2023,1.321
02/06/2023,1.2049
05/06/2023,1.3204
06/06/2023,1.329
07/06/2023,1.2539
08/06/2023,1.2497
09/06/2023,1.2851
12/06/2023,1.3423
13/06/2023,1.2446
14/06/2023,1.2782
15/06/2023,1.2365
16/06/2023,1.4461
20/06/2023,1.5179
21/06/2023,1.4512
22/06/2023,1.2404
23/06/2023,1.3399
26/06/2023,1.3825
27/06/2023,1.3551
28/06/2023,1.2052
29/06/2023,1.2293
30/06/2023,1.3964
03/07/2023,1.5163
05/07/2023,1.5355
06/07/2023,1.3291
07/07/2023,1.3117
10/07/2023,1.2984
11/07/2023,1.2211
12/07/2023,1.2722
13/07/2023,1.3165
14/07/2023,1.4835
17/07/2023,1.5161
18/07/2023,1.3232
19/07/2023,1.334
20/07/2023,1.3823
21/07/2023,1.4301
24/07/2023,1.4448
25/07/2023,1.3369
26/07/2023,1.6036
27/07/2023,1.3739
28/07/2023,1.3073
31/07/2023,1.4458
01/08/2023,1.3184
02/08/2023,1.4238
03/08/2023,1.4318
04/08/2023,1.4464
07/08/2023,1.5106
08/08/2023,1.3336
09/08/2023,1.3249
10/08/2023,1.3584
11/08/2023,1.4341
14/08/2023,1.3951
15/08/2023,1.411
16/08/2023,1.4451
17/08/2023,1.5115
18/08/2023,1.613
21/08/2023,1.3206
22/08/2023,1.3017
23/08/2023,1.4755
24/08/2023,1.3443
25/08/2023,1.3931
28/08/2023,1.3717
29/08/2023,1.2369
30/08/2023,1.2967
31/08/2023,1.4628
01/09/2023,1.5441
05/09/2023,1.4481
06/09/2023,1.4635
07/09/2023,1.4323
08/09/2023,1.5341
11/09/2023,1.476
12/09/2023,1.203
13/09/2023,1.4782
14/09/2023,1.4767
15/09/2023,1.4366
18/09/2023,1.4286
19/09/2023,1.3171
20/09/2023,1.4732
21/09/2023,1.4406
22/09/2023,1.5702
25/09/2023,1.5513
26/09/2023,1.3958
27/09/2023,1.3713
28/09/2023,1.353
29/09/2023,1.3492
02/10/2023,1.3557
03/10/2023,1.49
04/10/2023,1.4387
05/10/2023,1.3661
06/10/2023,1.2282
09/10/2023,1.3473
10/10/2023,1.3468
11/10/2023,1.3499
12/10/2023,1.2104
13/10/2023,1.6912
16/10/2023,1.3987
17/10/2023,1.3046
18/10/2023,1.5354
19/10/2023,1.3767
20/10/2023,1.2644
23/10/2023,1.3921
24/10/2023,1.2904
25/10/2023,1.3816
26/10/2023,1.3445
27/10/2023,1.5592
30/10/2023,1.3737
31/10/2023,1.3351
01/11/2023,1.3574
02/11/2023,1.1985
03/11/2023,1.1722
06/11/2023,1.4216
07/11/2023,1.1977
08/11/2023,1.214
09/11/2023,1.3644
10/11/2023,1.2363
13/11/2023,1.3538
14/11/2023,1.131
15/11/2023,1.3816
16/11/2023,1.3955
17/11/2023,1.4588
20/11/2023,1.3162
21/11/2023,1.3149
22/11/2023,1.2183
24/11/2023,1.6523
27/11/2023,1.4489
28/11/2023,1.3059
29/11/2023,1.2425
30/11/2023,1.2294
01/12/2023,1.1973
04/12/2023,1.2455
05/12/2023,1.2695
06/12/2023,1.2261
07/12/2023,1.3186
08/12/2023,1.2494
11/12/2023,1.439
12/12/2023,1.4873
13/12/2023,1.1378
14/12/2023,1.2771
15/12/2023,1.4808
18/12/2023,1.4291
19/12/2023,1.2347
20/12/2023,1.5558
21/12/2023,1.3045
22/12/2023,1.3211
26/12/2023,1.396
27/12/2023,1.3262
28/12/2023,1.2494
29/12/2023,1.3283
02/01/2024,1.3548
03/01/2024,1.3675
04/01/2024,1.2244
05/01/2024,1.3837
08/01/2024,1.2276
09/01/2024,1.286
10/01/2024,1.1932
11/01/2024,1.2548
12/01/2024,1.3591
16/01/2024,1.4005
17/01/2024,1.4227
18/01/2024,1.2755
19/01/2024,1.2716
22/01/2024,1.3426
23/01/2024,1.2283
24/01/2024,1.3135
25/01/2024,1.2991
26/01/2024,1.3395
29/01/2024,1.3389
30/01/2024,1.4391
31/01/2024,1.2666
01/02/2024,1.3093
02/02/2024,1.3021
05/02/2024,1.3045
06/02/2024,1.2642
07/02/2024,1.3561
08/02/2024,1.2285
09/02/2024,1.4538
12/02/2024,1.3555
13/02/2024,1.5111
14/02/2024,1.5646
15/02/2024,1.2951
16/02/2024,1.4851
20/02/2024,1.3476
21/02/2024,1.4482
22/02/2024,1.265
23/02/2024,1.3409
26/02/2024,1.3812
27/02/2024,1.3886
28/02/2024,1.3695
29/02/2024,1.2848
01/03/2024,1.3172
04/03/2024,1.4829
05/03/2024,1.322
06/03/2024,1.2952
07/03/2024,1.3299
08/03/2024,1.3957
11/03/2024,1.5334
12/03/2024,1.4393
13/03/2024,1.4608
14/03/2024,1.3993
15/03/2024,1.4194
18/03/2024,1.5139
19/03/2024,1.3785
20/03/2024,1.5111
21/03/2024,1.3496
22/03/2024,1.5336
25/03/2024,1.5899
26/03/2024,1.5226
27/03/2024,1.4258
28/03/2024,1.3844
01/04/2024,1.4037
02/04/2024,1.4014
03/04/2024,1.4091
04/04/2024,1.3547
